N,P,K,temperature,humidity,ph,rainfall,label
90,42,43,20.87974371,82.00274423,6.502985292000001,202.9355362,rice
85,58,41,21.77046169,80.31964408,7.038096361,226.6555374,rice
60,55,44,23.00445915,82.3207629,7.840207144,263.9642476,rice
74,35,40,26.49109635,80.15836264,6.980400905,242.8640342,rice
78,42,42,20.13017482,81.60487287,7.628472891,262.7173405,rice
69,37,42,23.05804872,83.37011772,7.073453503,251.0549998,rice
69,55,38,22.70883798,82.63941394,5.70080568,271.3248604,rice
94,53,40,20.27774362,82.89408619,5.718627177999999,241.9741949,rice
89,54,38,24.51588066,83.53521629999999,6.685346424,230.4462359,rice
68,58,38,23.22397386,83.03322691,6.336253525,221.2091958,rice
91,53,40,26.52723513,81.41753846,5.386167788,264.6148697,rice
90,46,42,23.97898217,81.45061596,7.50283396,250.0832336,rice
78,58,44,26.80079604,80.88684822,5.108681786,284.4364567,rice
93,56,36,24.01497622,82.05687182,6.98435366,185.2773389,rice
94,50,37,25.66585205,80.66385045,6.94801983,209.5869708,rice
60,48,39,24.28209415,80.30025587,7.0422990689999985,231.0863347,rice
85,38,41,21.58711777,82.7883708,6.2490506560000005,276.65524589999995,rice
91,35,39,23.79391957,80.41817957,6.970859754,206.2611855,rice
77,38,36,21.8652524,80.1923008,5.953933276,224.55501690000003,rice
88,35,40,23.57943626,83.58760316,5.85393208,291.2986618000001,rice
89,45,36,21.32504158,80.47476396,6.442475375,185.4974732,rice
76,40,43,25.15745531,83.11713476,5.070175667,231.3843163,rice
67,59,41,21.94766735,80.97384195,6.012632591,213.3560921,rice
83,41,43,21.0525355,82.67839517,6.254028451,233.1075816,rice
98,47,37,23.48381344,81.33265073,7.375482851,224.0581164,rice
66,53,41,25.0756354,80.52389148,7.778915154,257.0038865,rice
97,59,43,26.35927159,84.04403589,6.2865001760000006,271.35861370000003,rice
97,50,41,24.52922681,80.54498576,7.070959995,260.2634026,rice
60,49,44,20.77576147,84.49774397,6.244841491,240.0810647,rice
84,51,35,22.30157427,80.64416466,6.043304899,197.9791215,rice
73,57,41,21.44653958,84.94375962,5.824709117,272.2017204,rice
92,35,40,22.17931888,80.33127223,6.3573893660000005,200.0882787,rice
85,37,39,24.52783742,82.73685569,6.364134967999999,224.67572310000003,rice
98,53,38,20.26707606,81.63895217,5.01450727,270.4417274,rice
88,54,44,25.7354293,83.88266234,6.149410611,233.1321372,rice
95,55,42,26.79533926,82.1480873,5.950660556,193.3473987,rice
99,57,35,26.75754171,81.17734011,5.960370061,272.29990560000005,rice
95,39,36,23.86330467,83.15250801,5.561398642,285.2493645,rice
60,43,44,21.01944696,82.95221726,7.416245107000001,298.40184710000005,rice
63,44,41,24.17298839,83.7287574,5.583370042,257.0343554,rice
62,42,36,22.78133816,82.06719137,6.430010215,248.7183228,rice
64,45,43,25.62980105,83.52842314,5.534878156,209.9001977,rice
83,60,36,25.59704938,80.14509262,6.903985986,200.834898,rice
82,40,40,23.83067496,84.81360127,6.271478837999999,298.5601175,rice
85,52,45,26.31355498,82.36698992,7.224285503,265.5355937,rice
91,35,38,24.8972823,80.52586088,6.13428721,183.6793207,rice
76,49,42,24.958779,84.47963372,5.206373153,196.95600080000003,rice
74,39,38,23.24113501,84.59201843,7.782051312999999,233.0453455,rice
79,43,39,21.66628296,80.70960551,7.062779015,210.8142087,rice
88,55,45,24.63544858,80.41363018,7.730367824,253.7202781,rice
60,36,43,23.43121862,83.06310136,5.286203711000001,219.9048349,rice
76,60,39,20.0454142,80.3477562,6.766240045,208.5810155,rice
93,56,42,23.85724032,82.22572988,7.382762603,195.0948311,rice
65,60,43,21.97199397,81.89918197,5.658169482000001,227.3637009,rice
95,52,36,26.22916897,83.83625819,5.543360237999999,286.5083725,rice
75,38,39,23.44676801,84.79352417,6.215109715,283.9338466,rice
74,54,38,25.65553461,83.47021081,7.120272972,217.3788583,rice
91,36,45,24.44345477,82.45432595,5.950647577000001,267.97619480000003,rice
71,46,40,20.2801937,82.1235421,7.236705436,191.9535738,rice
99,55,35,21.7238313,80.2389895,6.501697816,277.9626192,rice
72,40,38,20.41447029,82.20802629,7.592490617,245.1511304,rice
83,58,45,25.75528612,83.51827127,5.875345751,245.6626799,rice
93,58,38,20.61521424,83.77345559,6.932400225,279.5451717,rice
70,36,42,21.84106875,80.72886384,6.9462098810000015,202.3838319,rice
76,47,42,20.08369642,83.29114712,5.739175027000001,263.6372176,rice
99,41,36,24.45802087,82.74835604,6.738652179,182.5616319,rice
99,54,37,21.14347496,80.33502926,5.5948196260000005,198.6730942,rice
86,59,35,25.78720567,82.11124033,6.946636369,243.5120414,rice
69,46,41,23.64124821,80.28597873,5.012139669,263.1103304,rice
91,56,37,23.43191632,80.56887849,6.363472207999999,269.5039162,rice
61,52,41,24.97669518,83.891805,6.880431223,204.8001847,rice
67,45,38,22.72791041,82.17068809999998,7.300410836,260.8875056,rice
79,42,37,24.87300744,82.84022551,6.587918707999999,295.6094492000001,rice
78,43,42,21.32376327,83.00320459,7.283736617000001,192.3197536,rice
75,54,36,26.29465461,84.56919326,7.023936392,257.4914906,rice
97,36,45,22.2286982,81.85872947,6.939083505,278.0791793,rice
67,47,44,26.73072391,81.78596776,7.868474653,280.4044392,rice
73,35,38,24.88921174,81.97927117,5.005306977,185.9461429,rice
77,36,37,26.88444878,81.46033732,6.136131869,194.5766559,rice
81,41,38,22.67846116,83.72874389,7.5240800760000015,200.9133156,rice
68,57,43,26.08867875,80.37979919,5.706943251,182.9043504,rice
72,45,35,25.42977518,82.94682591,5.758506323,195.3574542,rice
61,53,43,26.40323239,81.05635517,6.349606327,223.3671883,rice
67,43,39,26.04371967,84.96907151,5.9999690260000005,186.7536773,rice
67,58,39,25.2827223,80.54372813,5.453592032,220.1156708,rice
66,60,38,22.08576562,83.47038318,6.372576327000001,231.7364957,rice
82,43,38,23.28617173,81.43321641,5.105588355,242.3170629,rice
84,50,44,25.48591986,81.40633547,5.9353444060000005,182.6549356,rice
81,53,42,23.67575393,81.03569343,5.17782304,233.7034975,rice
91,50,40,20.82477109,84.1341879,6.462391607000001,230.22422230000004,rice
93,53,38,26.92995077,81.91411159,7.069172227,290.67937830000005,rice
90,44,38,23.83509503,83.88387074,7.473134377,241.20135130000003,rice
81,45,35,26.52872817,80.12267476,6.158376967000001,218.9163567,rice
78,40,38,26.46428311,83.85642678,7.549873681,248.2256491,rice
60,51,36,22.69657794,82.81088865,6.028321557999999,256.9964761,rice
88,46,42,22.68319059,83.46358271,6.604993475,194.2651719,rice
93,47,37,21.53346343,82.14004101,6.500343222000001,295.9248796,rice
60,55,45,21.40865769,83.32931909999998,5.935745417000001,287.5766935000001,rice
78,35,44,26.54348085,84.67353597,7.072655622,183.6222657,rice
65,37,40,23.35905428,83.59512273,5.333322606,188.413665,rice
71,54,16,22.61359953,63.69070564,5.7499144210000015,87.75953857,maize
61,44,17,26.10018422,71.57476937,6.931756557999999,102.2662445,maize
80,43,16,23.55882094,71.59351368,6.657964753,66.71995467,maize
73,58,21,19.97215954,57.68272924,6.596060648,60.65171481,maize
61,38,20,18.47891261,62.69503871,5.970458434,65.43835393,maize
68,41,16,21.77689322,57.80840636,6.158830619,102.0861694,maize
93,41,17,25.6217169,66.50415474,6.047906679,105.4654703,maize
89,60,19,25.19192419,66.69029010000001,5.913664501,78.06639649,maize
76,44,17,20.41683147,62.55424820000001,5.855442401,65.27798457,maize
67,60,25,24.92162194,66.78627406,5.750254943,109.2162279,maize
70,44,19,23.31689124,73.4541537,5.852607099,94.29712821,maize
90,49,21,24.84016732,68.3584573,6.4725232870000005,74.05474936,maize
62,52,16,22.27526694,58.84015925,6.9670577620000005,63.87020584,maize
92,44,16,18.87751445,65.76816093,6.082973754,94.76189431,maize
66,54,21,25.19008683,60.200168700000006,5.919045532,72.12375573,maize
63,58,22,18.25405352,55.28220433,6.204747652999999,63.72358154,maize
70,47,17,24.612911800000006,70.4162444,6.600827017,104.1626147,maize
61,41,17,25.1420613,65.26185135,6.021902237000001,76.68456006,maize
66,53,19,23.09348056,60.11593810000001,6.033550195,65.49730729,maize
74,55,19,18.05033737,62.89366992,6.28886807,84.23613484,maize
77,57,21,24.9321581,73.80435276,6.550563822999999,79.74078719,maize
99,50,15,18.14710054,71.09445342,5.573286437,88.07753741,maize
74,56,22,18.28362235,66.65952796,6.829199275,80.97573281,maize
83,45,21,18.83344471,58.75082029,5.716222912,79.75328959999999,maize
100,48,16,25.71895816,67.22190688,5.54990242,74.51490791,maize
79,51,16,25.33797709,68.49835977,6.586244581,96.46380213,maize
94,39,18,23.89114571,57.48775781,5.893093135,102.8301942,maize
75,49,15,21.53574127,71.50905983,5.918263801,102.4852929,maize
78,48,22,23.08974909,63.10459626,5.588650585,70.43473609,maize
87,54,20,25.61707368,63.4711755,6.576418207000001,108.8303762,maize
87,35,25,21.44526922,63.1621551,6.178056304,65.88951188,maize
63,43,19,18.51816776,55.53128131,6.641906353,90.988051,maize
84,57,25,22.53510514,67.99257471,6.489040367,64.40866039,maize
64,35,23,23.02038334,61.89472002,5.680361037999999,63.03843397,maize
60,46,22,24.89364635,65.61418761,6.625404347999999,87.9298085,maize
98,44,21,25.77175115,74.089114,6.524478032,107.4931917,maize
75,56,18,19.39851734,62.35750641,5.696205468,60.95197486,maize
86,55,21,21.54156232,59.64024162,6.803931519,109.7515385,maize
98,35,18,23.79746068,74.82913698,6.252797547999999,91.76337172,maize
76,57,18,18.9802729,74.52600826,6.092725883,94.26249353,maize
99,56,17,24.10859207,73.13112261,6.234330356,71.07562236,maize
60,44,23,24.7947077,70.04556743,5.722579819,76.72860067,maize
74,48,17,21.63162756,60.27766379,6.430616465,69.21803098,maize
89,60,17,25.37548751,57.21025565,5.983952675,101.7004306,maize
69,51,23,22.21738222,72.85462807,6.80163854,106.6213157,maize
96,46,22,20.58314011,69.00128641,6.499936446,66.29390357,maize
61,60,15,24.87502824,68.74248334,6.265564338,91.26056654,maize
74,58,18,20.03728219,56.35606753,6.727303282,109.024141,maize
74,43,23,25.95263264,61.89082199,6.325235159,99.57981207,maize
63,43,17,19.28889933,65.47050802,6.807487794,71.3195307,maize
99,36,20,20.57981887,65.34583901,6.671085817000001,78.34604471,maize
77,36,23,24.71417533,56.73426469,6.648725327,88.45361858,maize
87,60,23,20.27317074,63.91281869,6.439071996,62.50351892,maize
60,38,17,18.41932981,64.23580251,6.474476516,76.41312437,maize
94,54,17,23.39128187,61.74427165,5.871647806,107.3198135,maize
95,38,22,19.84939404,61.24500053,5.730617109,100.7689246,maize
84,44,21,21.869274,61.91044947,5.850439831,107.2681929,maize
77,58,19,22.8056033,56.50768935,5.791649933,101.5952794,maize
66,44,20,19.0781471,69.02298571,6.740000687999999,80.72515943,maize
63,35,16,22.02720976,65.35549924,6.272417541,83.73280082,maize
79,45,20,23.80546189,59.24537979,5.715208817000001,89.96220140000001,maize
72,60,25,18.52510753,69.0276233,5.773454729,88.10234397,maize
67,51,24,23.50297882,61.32026065,5.584171461,64.77791424,maize
86,36,24,26.54986394,72.89187265,5.787268394,73.33636055,maize
76,48,18,19.29563411,69.63481219,5.77597783,83.21030571,maize
75,53,18,20.68899915,59.4375337,6.864793607,103.651438,maize
81,45,23,19.32666088,68.03449300000001,6.192360002999999,84.22969177,maize
73,45,21,24.60532218,73.58868502,6.636803222999999,96.59195302,maize
71,35,24,22.27373646,59.52193158,5.826426917,67.96704792,maize
96,54,22,25.70196694,61.33450447,6.960358276,83.20711308,maize
99,39,18,19.20129357,68.30578978,6.11275104,87.85092352,maize
62,48,20,21.70181447,60.47470519,6.708446922,95.71388473,maize
86,37,16,20.51716779,59.21235483,5.561510732,67.61013737,maize
94,50,19,23.30355338,73.62548442,5.873242491,97.59081274,maize
76,39,24,24.2547451,55.64709899,6.995843776,64.23845455,maize
77,52,17,24.86374934,65.7420046,5.714799723,75.82270467,maize
74,39,23,22.6265115,65.77472881,6.78073637,88.17251033,maize
81,49,20,18.04185513,60.61494304,5.513697923,104.2321615,maize
63,42,21,23.26237612,72.33125523,5.798423907999999,67.10225139,maize
99,38,21,22.88330922,71.59722446,6.352471866,67.72777298,maize
90,52,25,25.97482359,69.36385721,6.822586546,103.2234212,maize
68,40,19,26.14384005,66.20569924,6.655426355,107.2361366,maize
60,57,24,18.66116213,61.55327249,6.1212940410000005,75.03247667,maize
71,52,18,25.10787449,55.97732754,5.790770202999999,78.16077693,maize
61,59,17,23.33844615,59.24580604,6.47444292,105.0083144,maize
88,38,15,25.08239719,65.92195844,6.455116637000001,62.49190812,maize
65,60,22,25.36768364,72.52054555,6.6069840860000015,107.9124111,maize
78,37,22,25.34217103,63.31801994,6.330554389,74.52082026,maize
78,58,15,25.00933355,67.816568,6.5286312660000005,62.91359494,maize
92,60,23,18.66746724,71.516474,5.721667141,69.93293255,maize
79,59,17,20.37999665,63.73849998,6.644205485,108.5054416,maize
91,55,15,18.09300227,72.61024172,6.376651091,78.96159541,maize
76,51,18,26.16985907,71.96246617,6.247040422,79.84925393,maize
87,48,25,18.65396672,61.37879671,6.656730007999999,93.62039175,maize
71,60,22,26.07470121,59.37147589,6.2048017,85.75692395,maize
90,57,24,18.92851916,72.80086137,6.158860284,82.34162918,maize
67,35,22,23.30546753,63.24648023,6.3856842139999985,108.7603001,maize
60,54,19,18.74826712,62.49878458,6.417820493,70.23401597,maize
83,58,23,19.74213321,59.66263104,6.381201909,65.50861389,maize
83,57,19,25.73044432,70.74739256,6.877869005,98.73771338,maize
40,72,77,17.02498456,16.98861173,7.485996067,88.55123143,chickpea
23,72,84,19.02061277,17.13159126,6.920251378,79.92698081,chickpea
39,58,85,17.88776475,15.40589717,5.9969320370000005,68.54932919,chickpea
22,72,85,18.86805647,15.65809214,6.391173589,88.51048983,chickpea
36,67,77,18.36952567,19.56381041,7.152811172000001,79.26357665,chickpea
32,73,81,20.45078582,15.40312102,5.988992796000002,92.68373702,chickpea
58,70,84,20.6543203,16.60820843,6.231049027999999,74.6631118,chickpea
59,70,84,17.3348681,18.74926979,7.550808267000001,82.61734721,chickpea
42,62,75,18.17912258,18.90426935,7.010570541,81.84997529,chickpea
28,74,81,18.01272266,18.30968112,8.753795334,81.98568791,chickpea
58,66,79,20.99373558,19.33470387,8.718192847000001,93.55280105,chickpea
43,66,79,19.46233971,15.22538951,7.976607593,74.58565097,chickpea
58,63,81,19.81344531,14.69765308,6.5154995489999985,78.96514709,chickpea
23,62,85,18.97424756,19.5161216,8.490127142,80.7108745,chickpea
27,62,77,18.19737048,14.71070537,6.576415562,70.18185181,chickpea
28,72,84,18.72963144,19.18197264,6.481783042999999,71.58010169,chickpea
50,56,76,20.99502153,19.8601304,7.966605025,73.50734019,chickpea
39,71,84,20.28155898,16.39535215,8.140825437,82.52339655,chickpea
25,78,76,17.48042641,15.7559405,7.228963452,66.96980581,chickpea
31,70,77,20.88818675,14.32313811,6.492546046,90.46228334,chickpea
26,80,83,17.08498521,16.14565756,7.528599957000001,71.31007253,chickpea
25,68,77,20.09340593,15.11279612,7.701446446,85.74904898,chickpea
31,78,76,17.57212145,14.99927489,8.519975748,89.31050665,chickpea
60,68,83,19.12065218,18.43475844,6.620900869,85.52950164,chickpea
59,62,83,18.57665902,19.22008229,8.104396057999999,72.94940441,chickpea
22,67,78,17.16606398,14.42457525,6.204090835,72.32667516,chickpea
36,65,80,18.2872007,16.67921616,6.051091339,74.87445574,chickpea
59,60,84,19.03025305,18.66725565,7.690962337999999,94.70992037,chickpea
54,77,85,17.141861399999996,17.0662427,7.8292111439999985,83.74606679,chickpea
43,68,81,17.47809436,17.93253975,6.761599706,78.92060234,chickpea
28,76,82,20.56601874,14.25803981,6.654425315,83.75937135,chickpea
42,79,85,17.22385224,15.82069268,6.129533877,76.57580954,chickpea
32,60,83,19.69141713,19.44225438,8.829273328,91.76071648,chickpea
22,78,76,17.84851658,19.09172907,8.621662982,76.32470713,chickpea
31,79,75,18.8202251,16.1074793,8.204862075,89.73119396,chickpea
28,58,81,17.47500984,16.54314829,6.18042747,93.35034262,chickpea
57,58,77,18.72649425,17.58406365,7.978996755,81.20176515,chickpea
49,55,78,18.65580107,16.17772668,7.863113671,81.70769297,chickpea
46,76,77,18.2356751,19.68538502,6.967843048,83.74879344,chickpea
54,61,77,18.81198127,15.21618225,6.206582192999999,77.54294240000002,chickpea
38,60,76,18.65054116,17.80852431,8.868741443,77.92798682,chickpea
59,55,79,20.36720401,16.89574311,8.766128654,82.2545577,chickpea
36,76,75,18.38120357,16.63805158,8.736337905,70.52056697,chickpea
57,68,81,17.17012591,17.30457712,8.081095263,72.78624223,chickpea
35,66,81,19.37101121,15.77458129,6.138243973,85.24819851,chickpea
35,64,78,17.92845928,14.27327988,7.496645259,85.37378769,chickpea
52,60,79,19.45339934,18.23490739,8.380185271,75.6317566,chickpea
27,76,83,19.12829388,14.92241479,6.289614016,89.61857826,chickpea
57,60,84,19.1034283,17.26184541,6.586777189,75.49101167,chickpea
52,68,78,17.48504075,16.96070581,6.89655198,86.05078037,chickpea
43,79,79,19.40751744,18.98030507,7.8067476560000015,80.25064637,chickpea
44,74,85,20.18649426,19.63719995,7.150681303,78.26039559,chickpea
24,55,78,17.30287885,15.15405941,6.64919573,75.57790384,chickpea
29,77,75,17.50361137,15.48083156,7.778591617999999,72.9446671,chickpea
20,60,78,18.17234999,14.70085967,6.358740355,90.7760707,chickpea
56,67,78,17.57445618,16.71826572,8.255450758,77.81891424,chickpea
37,66,85,20.93175255,18.91295403,6.456148474,78.06910795,chickpea
49,71,76,19.71098332,17.63879418,6.613072145,85.57925437,chickpea
59,69,80,19.07937684,17.86754927,8.165359297,69.40619137,chickpea
20,79,77,18.54988627,16.02542689,7.64867466,76.32565249,chickpea
24,56,85,18.19903647,17.41333199,6.545888558,80.6405403,chickpea
51,72,75,18.88852533,14.99451145,7.1042247970000005,80.11133840000002,chickpea
57,73,85,18.49311205,14.72115044,7.358099622,91.94595352,chickpea
22,64,82,19.48974337,17.17260319,6.4740245000000005,87.51312796,chickpea
52,73,79,17.25769499,18.74943955,7.840339388999999,94.00287214,chickpea
29,75,75,19.62416326,18.71483156,7.064790365,88.4585692,chickpea
44,59,78,20.67526473,19.85388984,7.599033472,84.78344008,chickpea
41,69,82,20.02381489,16.63294455,6.715587232000001,68.97806542,chickpea
52,56,85,20.118744600000007,14.44228303,6.81712422,88.68168643,chickpea
34,76,80,20.65691793,15.84572566,7.985417393,65.23811143,chickpea
42,74,83,19.2582557,14.2804191,7.545258424,65.78042032,chickpea
34,71,79,17.927806,15.85622899,7.728998197,74.63872762,chickpea
27,73,79,19.16288268,15.83500655,7.354973451,82.69766829,chickpea
30,70,79,20.26942271,19.96978871,7.313122235,69.64449182,chickpea
57,57,75,17.09104223,18.25142068,7.785039076,87.27444866,chickpea
27,79,82,17.06579293,17.54024066,6.307004922999999,70.87150577,chickpea
32,71,85,20.62767492,14.44008871,6.4039823160000005,92.06630306,chickpea
31,76,82,20.8248451,17.85057083,7.599279991,79.20509212,chickpea
33,75,84,19.46210401,18.72831993,7.217018459,68.81405149,chickpea
47,80,77,17.18248372,16.42891834,7.561108006,72.85017344,chickpea
54,62,80,17.48911699,16.39055394,7.489545074,79.45758333,chickpea
47,79,78,17.48395377,14.76014523,6.609696734,65.11365631,chickpea
35,57,83,19.48316794,17.44534641,7.476800943,80.4986291,chickpea
53,73,77,19.71359733,18.09665739,7.325451279,73.64476535,chickpea
45,61,78,19.48649305,16.06240074,6.489389282,81.52842690000001,chickpea
37,78,79,19.95264829,14.82633099,7.786366322,88.6810311,chickpea
30,75,81,19.41789736,16.80472243,6.4084378860000015,68.4951189,chickpea
37,55,82,19.45591848,18.02235902,8.423873703,78.44910564,chickpea
53,65,76,20.19137759,16.41998269,8.719960893,77.33795356,chickpea
22,60,85,18.8392908,14.74071856,7.811997977000001,94.78189594,chickpea
60,61,78,20.71219282,19.83643308,6.317153205,94.03659867,chickpea
42,67,77,18.99424448,15.9362937,7.114405288,78.69707199,chickpea
39,76,76,19.96837462,15.57324389,8.135900726000001,69.15759062,chickpea
35,63,76,17.81564548,17.60756635,7.714153037999999,90.82097601,chickpea
30,65,82,20.71424384,15.27824066,7.103798069,76.77888672,chickpea
57,56,78,17.34150229,18.75626255,8.861479668,67.9545435,chickpea
48,65,78,17.43732714,14.33847406,7.861128148,73.0926704,chickpea
36,56,83,18.89780215,19.76182946,7.4526709,69.09512477,chickpea
40,58,75,18.59190771,14.77959596,7.168096055,89.60982451,chickpea
49,69,82,18.31561493,15.36143547,7.26311855,81.78710463,chickpea
13,60,25,17.13692774,20.59541693,5.68597166,128.256862,kidneybeans
25,70,16,19.63474332,18.90705639,5.759237003,106.3598183,kidneybeans
31,55,22,22.91350245,21.33953114,5.873171894,109.225556,kidneybeans
40,64,16,16.43340342,24.24045875,5.926676985,140.3717815,kidneybeans
2,61,20,22.13974653,23.02251117,5.95561668,76.64128258,kidneybeans
26,65,22,17.84806561,18.77621951,5.9499490810000015,143.09841709999995,kidneybeans
17,57,21,19.88394011,20.31564139,5.7892142889999985,60.91974792,kidneybeans
26,80,18,19.32509638,23.3334788,5.581021521,104.7783947,kidneybeans
17,59,17,18.416700100000003,23.42829938,5.689858133,132.9801054,kidneybeans
27,59,22,21.81167649,23.20591245,5.7941585039999985,130.0608093,kidneybeans
28,58,24,19.72702528,18.28173015,5.748190462999999,143.7630894,kidneybeans
25,57,19,17.15432954,19.87070659,5.566522896,87.99669731,kidneybeans
28,80,17,19.62207826,18.67170854,5.809419584,144.1567454,kidneybeans
25,60,22,21.63149148,21.17919701,5.887263027,134.3649948,kidneybeans
12,78,23,16.06522754,18.72479695,5.99812453,88.06638775,kidneybeans
6,77,25,20.61162204,24.36314135,5.792744849,69.63833855,kidneybeans
22,79,17,21.42451099,20.39659714,5.912289889,116.5206923,kidneybeans
27,80,15,19.07096165,21.21092266,5.7883869510000014,86.21917578,kidneybeans
10,55,23,21.18853178,19.63438599,5.728233081,137.1948633,kidneybeans
23,65,20,23.0429097,22.42610972,5.833940084,108.3684316,kidneybeans
19,78,16,20.65375833,23.10538637,5.967533236,67.71768947,kidneybeans
19,65,25,18.09551014,18.29318436,5.6250964460000015,144.7902323,kidneybeans
22,70,19,18.23775702,21.07643273,5.515615023,69.44951585,kidneybeans
37,64,22,17.48189735,18.8251973,5.954665349,121.9401369,kidneybeans
11,71,17,19.9191786,21.47324158,5.74644777,82.68554379,kidneybeans
18,79,20,20.27514686,23.2353604,5.877347515,139.7521543,kidneybeans
21,63,17,15.77370214,19.2303162,5.979973965,108.3441414,kidneybeans
24,80,22,16.71170642,19.17651433,5.635993966,96.77285817,kidneybeans
34,60,22,17.66148158,18.15302753,5.635231778,100.6711761,kidneybeans
16,75,21,18.50692825,23.61670065,5.679224346,87.05132890000002,kidneybeans
17,77,23,24.51324787,20.81527638,5.670062975,64.19497947,kidneybeans
37,72,18,18.87614998,24.54038287,5.724242065,105.4120514,kidneybeans
40,73,20,21.59343016,20.31871249,5.811314232000001,61.13872036,kidneybeans
9,77,17,20.12373284,24.45202552,5.783425416,106.158201,kidneybeans
1,62,23,15.43546065,18.37477907,5.607808432000001,139.0302034,kidneybeans
33,59,22,22.64236876,21.59396123,5.946999529,122.3886015,kidneybeans
23,59,19,21.98560799,24.87304788,5.852046999,129.5650601,kidneybeans
6,62,22,20.53052663,18.09224048,5.824090984,120.4509288,kidneybeans
25,63,20,15.78601387,21.14544088,5.502999119,95.17028129,kidneybeans
7,79,23,19.6365349,19.68751084,5.821649914,96.65888933,kidneybeans
8,72,17,20.57341244,19.7520218,5.711439256,87.87869161,kidneybeans
27,64,15,20.16080524,24.84207559,5.514927264,138.2362122,kidneybeans
28,66,23,21.53989176,24.25386207,5.99616119,120.6913038,kidneybeans
32,57,18,15.53834801,23.75560241,5.695422862999999,107.3850593,kidneybeans
27,56,22,19.91853092,20.70099804,5.833010957999999,108.6434544,kidneybeans
17,77,24,20.76952209,18.93146941,5.568456899,109.0193712,kidneybeans
0,65,15,23.46168338,23.22197648,5.645435626,95.84253438,kidneybeans
13,72,21,24.32116642,21.0278674,5.821194486,60.27552528,kidneybeans
34,60,23,20.12574053,24.96969858,5.659254981,100.0497183,kidneybeans
9,80,19,21.80619564,18.57086554,5.945465949,125.0972687,kidneybeans
11,72,20,19.52226241,24.92607153,5.9511774520000005,113.334026,kidneybeans
3,67,24,17.00067625,19.90790546,5.5208800139999985,103.2926407,kidneybeans
35,69,23,16.78791503,24.96881755,5.578410206,75.45328039,kidneybeans
3,77,25,24.84906168,22.89464642,5.608165195,62.21292186,kidneybeans
23,62,19,16.51783455,20.4555596,5.609435127999999,98.77794225,kidneybeans
22,71,17,18.15300153,19.38602098,5.509295379,107.6907964,kidneybeans
31,79,25,23.18864385,22.3104551,5.902033406,63.38208822,kidneybeans
34,59,18,23.38002569,21.98879437,5.744117663,87.66898664,kidneybeans
12,63,17,18.358923,19.37703396,5.717143397,138.414764,kidneybeans
27,56,20,19.25975367,20.51346956,5.542690119,94.9533526,kidneybeans
7,63,24,22.95458237,24.03553105,5.858617867,107.7315386,kidneybeans
24,67,22,20.120043,22.89845607,5.618844277000001,104.6252153,kidneybeans
11,71,24,21.14011423,22.7182355,5.6066203460000015,141.6056722,kidneybeans
37,74,15,24.92360104,18.22590825,5.582178402,62.7089169,kidneybeans
25,76,24,15.33042636,24.91506728,5.56503533,135.3315583,kidneybeans
34,66,17,18.81097271,21.27833035,5.889614577000001,125.084915,kidneybeans
20,69,15,23.44260668,22.77255917,5.934136378,107.4137246,kidneybeans
37,65,16,22.8352024,18.97267518,5.683548308,63.59276673,kidneybeans
18,74,15,24.9035819,22.27512704,5.70836603,146.4727237,kidneybeans
4,67,25,23.78709569,24.35679348,5.948164454,119.6404412,kidneybeans
37,56,25,22.05592283,19.60379304,5.7747551439999985,126.7265372,kidneybeans
5,59,15,18.87492997,20.18238348,5.97229163,134.1811718,kidneybeans
11,61,21,18.62328774,23.02410338,5.532100554,135.33780330000002,kidneybeans
22,80,20,23.00884744,18.86880997,5.669560726,100.118612,kidneybeans
12,61,19,19.33162606,24.13995025,5.655726817000001,68.51253427,kidneybeans
5,74,21,16.24469193,21.35793891,5.5917040139999985,66.97053257,kidneybeans
27,69,22,17.91652287,24.90814655,5.932323085,69.14681022,kidneybeans
31,75,18,15.46789263,21.43780702,5.8242083089999985,88.88796102,kidneybeans
36,68,20,17.06104474,23.77201471,5.86442953,81.83420522,kidneybeans
5,65,16,21.32776028,18.48522915,5.866744372,109.1013261,kidneybeans
32,79,15,23.90910104,20.74619325,5.706198621,81.60211243,kidneybeans
11,78,22,23.89756791,22.74378977,5.940546818,112.6616435,kidneybeans
0,55,22,22.98666928,20.57940608,5.916779289,143.85849380000005,kidneybeans
14,59,15,21.35135729,22.91244883,5.779090476,146.4548645,kidneybeans
29,68,23,24.1638445,19.27907819,5.82738029,116.7324324,kidneybeans
32,68,19,24.62835037,18.18325169,5.514234138,149.7441028,kidneybeans
17,64,17,21.02213209,24.93896255,5.662699104,124.6118471,kidneybeans
13,69,19,17.30844532,20.01730914,5.86390397,115.199245,kidneybeans
14,67,22,23.82576704,24.75485098,5.624690247999999,84.64143632,kidneybeans
9,69,20,19.30607278,23.96362799,5.591560999,129.3449326,kidneybeans
20,73,22,16.03768615,22.33195853,5.976312537999999,130.3900798,kidneybeans
40,78,20,19.18572809,20.83398341,5.669236258,80.15293435,kidneybeans
27,72,23,19.92889503,21.79992115,5.961934481,64.02640797,kidneybeans
14,67,15,19.56376468,24.67385131,5.690065688,139.2921004,kidneybeans
7,56,18,18.31357543,24.32991649,5.698371311,76.14153904,kidneybeans
27,65,18,20.10993761,23.22323766,5.59503163,73.36386477,kidneybeans
30,63,16,23.60506572,21.90539577,5.5259045260000015,100.5978728,kidneybeans
37,70,25,19.73136909,24.89487354,5.819403771,84.06354115,kidneybeans
27,63,19,20.93409877,21.1893007,5.562201934,133.1914419,kidneybeans
22,60,24,18.78226261,20.24768314,5.630664753,104.2570723,kidneybeans
3,72,24,36.51268371,57.92887167,6.03160778,122.6539694,pigeonpeas
40,59,23,36.89163721,62.73178224,5.269084669,163.7266551,pigeonpeas
33,73,23,29.23540524,59.38967583,5.985792703,103.3301803,pigeonpeas
27,57,24,27.33534897,43.35795962,6.09186275,142.33036769999995,pigeonpeas
10,79,18,21.0643684,55.46985938,5.624731337999999,184.6226709,pigeonpeas
30,75,25,30.33276599,42.35249879,6.446091759,149.299952,pigeonpeas
40,70,20,31.80130272,45.03186173,5.623490042999999,147.03614419999997,pigeonpeas
38,55,19,33.18184225,38.23184742,5.864623352000001,198.8298806,pigeonpeas
35,58,20,29.38538562,63.47742011,5.761702519,90.05422663,pigeonpeas
38,61,21,30.27374995,67.38680755,4.696518678,127.7767134,pigeonpeas
33,58,24,35.45790488,68.75810535,5.269504214,108.6333046,pigeonpeas
16,56,17,33.80020039,40.03262418,7.445444882999999,176.6165894,pigeonpeas
31,72,17,28.69180475,49.47225353,5.833031707999999,96.36222901,pigeonpeas
16,80,20,31.24021696,56.67369054,7.3393209289999986,122.0146733,pigeonpeas
27,72,17,28.98039357,57.23265151,6.347929353,120.7435664,pigeonpeas
40,62,19,27.32198928,34.13737127,4.697750704,96.51524028,pigeonpeas
18,58,16,21.47607807,38.80023714,4.962661422,180.382234,pigeonpeas
3,68,16,18.31910448,34.69776639,4.964887857,107.4721605,pigeonpeas
26,67,24,36.97794384,37.73992903,5.642813116,161.48129630000003,pigeonpeas
16,70,20,24.80467592,40.1242747,5.6093956,121.5639121,pigeonpeas
24,63,19,19.3479443,55.96805489,4.681576043,194.5921148,pigeonpeas
9,76,25,28.88302142,50.12323801,5.70951224,179.2155874,pigeonpeas
16,55,19,19.54314136,47.19188279,6.413543781,192.4372194,pigeonpeas
28,75,21,24.7741949,50.54621094,6.007508163,114.2821387,pigeonpeas
16,71,24,18.33124824,38.40975482,4.946369874,139.64833169999997,pigeonpeas
24,70,21,19.14729038,45.3733757,5.517208078,132.7748215,pigeonpeas
38,72,21,28.23416057,49.4421345,5.902103172,186.5008581,pigeonpeas
9,66,21,30.11812084,34.13307843,5.719889876,157.0858232,pigeonpeas
34,56,17,33.4126864,35.42910045,4.548202098,139.6702541,pigeonpeas
1,76,19,24.18553163,46.68746847,6.6695294160000005,177.3377996,pigeonpeas
6,69,19,26.88630675,41.69617915,4.7509292180000005,94.46748008,pigeonpeas
26,73,21,31.33170829,57.97429171,4.946263888,161.7820226,pigeonpeas
27,61,18,33.30711818,67.07780816,5.266227032,108.5090168,pigeonpeas
27,71,23,23.45379018,46.48714759,7.10959773,150.87122019999995,pigeonpeas
36,61,21,34.53823889,39.04468913,5.617008201,168.5948318,pigeonpeas
17,73,18,19.50112224,34.51086611,5.632353113,197.3752649,pigeonpeas
26,72,22,28.76794904,37.57792132,4.674941549,91.72084869,pigeonpeas
17,64,16,30.97758716,32.24914235,7.161797643,180.716828,pigeonpeas
14,74,19,18.39759147,36.82639309,6.624966131,93.12330644,pigeonpeas
39,60,15,35.09357419,30.98685456,5.004074623999999,116.9106908,pigeonpeas
6,66,15,34.93174223,30.40046769,6.3458060110000005,159.2649827,pigeonpeas
8,59,18,29.50523036,35.72032498,6.216814453,187.8961851,pigeonpeas
2,67,18,34.51934775,47.52980027,5.921666758,129.0064612,pigeonpeas
1,76,17,28.43430726,52.10010827,6.012719118,147.0414824,pigeonpeas
16,73,19,18.41645629,34.80541039,4.684079249,163.27474730000003,pigeonpeas
23,75,25,31.07508973,47.19847683,7.077170002000001,91.31256412,pigeonpeas
32,70,20,20.89342749,46.24856523,6.208843215,195.5697875,pigeonpeas
28,59,22,30.90607799,52.79913039,7.05181629,170.99198280000005,pigeonpeas
5,62,23,27.9348279,66.45457122,4.722222454,145.3728801,pigeonpeas
36,67,25,35.95176642,36.52780776,6.418062652000001,136.0456753,pigeonpeas
1,66,23,19.54317155,56.92831399,4.803564468,173.1686574,pigeonpeas
24,73,20,19.63736208,32.31528909,4.608695247,176.4134092,pigeonpeas
17,67,18,31.2192752,56.46868874,5.611510977000001,129.20286529999998,pigeonpeas
5,55,18,33.50876355,45.70976142,7.322097972000001,126.6738117,pigeonpeas
5,56,24,24.80710166,45.01110015,5.023115055,188.4928637,pigeonpeas
37,77,17,36.20970524,31.94550613,5.617122801,191.0658531,pigeonpeas
13,73,20,30.50420876,35.48885969,5.391560417999999,162.59277230000004,pigeonpeas
6,63,23,26.01630259,49.94704718,5.906596905,160.33374469999995,pigeonpeas
16,77,22,31.48469278,35.6395615,6.574209678,100.546816,pigeonpeas
25,64,20,33.15122581,32.45974539,4.807776748999999,105.03802749999998,pigeonpeas
34,75,24,23.50222822,51.29019509,4.760038038999999,192.3023991,pigeonpeas
20,77,23,34.87248659,38.83786012,5.180271502,148.25027859999997,pigeonpeas
35,80,25,28.09269012,44.93322042,4.895927306,197.1144011,pigeonpeas
14,75,24,24.54757829,57.3414485,6.436160044,118.3606557,pigeonpeas
36,80,21,33.64769646,48.41490082,7.066087261,100.4673278,pigeonpeas
7,77,18,20.5591255,60.54880693,6.655918077999999,191.0895109,pigeonpeas
29,78,25,19.95991719,59.33157782,5.982854522999999,195.787103,pigeonpeas
30,60,21,28.87667593,62.4901206,5.457871272999999,182.2688175,pigeonpeas
20,74,16,36.04353699,43.61444121,4.759490199,159.8938645,pigeonpeas
19,57,23,23.6734328,47.2879691,7.342409555,141.12507219999995,pigeonpeas
3,60,19,25.74679443,40.7192594,4.820788186000001,100.7791633,pigeonpeas
5,77,19,31.08564994,66.68832981,6.242052013,175.9303271,pigeonpeas
5,68,20,18.72987676,61.33186249,5.001038726,139.8710041,pigeonpeas
37,73,21,29.50304807,63.46513414,5.560224582999999,189.5208915,pigeonpeas
9,59,24,20.43517772,39.37252634,4.747352458,137.22796619999997,pigeonpeas
20,72,15,36.00415838,56.01334416,7.313517308,134.8596466,pigeonpeas
31,56,23,31.46846241,35.39454002,5.661826398,174.5723999,pigeonpeas
0,70,21,36.30049702,56.03021253,4.672437054,101.6073988,pigeonpeas
21,74,15,29.49096726,67.10604388,6.471862118,153.2504506,pigeonpeas
13,67,18,30.5753044,34.75591197,5.384762927000001,177.5764304,pigeonpeas
27,74,20,24.69487673,59.96669215,5.8598134160000015,91.95792434,pigeonpeas
29,72,24,23.17409556,36.67847052,6.962386495,162.5931264,pigeonpeas
5,68,20,19.04380471,33.10695144,6.12166671,155.3705624,pigeonpeas
39,57,19,29.32379604,45.93248374,6.421748487,165.4113371,pigeonpeas
22,62,16,34.6455408,54.32342534,4.828936119,180.9009998,pigeonpeas
18,55,23,21.9989826,56.31006755,6.98571967,136.82743119999998,pigeonpeas
39,77,21,22.99774444,60.24218572,4.603563116,159.689339,pigeonpeas
13,75,20,30.55992394,35.29006485,6.979540061,178.8998611,pigeonpeas
27,71,24,31.46417866,48.17631461,7.064973419,165.40535400000005,pigeonpeas
26,64,22,25.95058595,40.58227261,5.16516459,109.1821183,pigeonpeas
23,55,16,21.01142393,69.69141302,5.111488821,185.2039114,pigeonpeas
4,69,19,19.25100056,47.70351758,5.374358869,149.063196,pigeonpeas
20,67,19,19.24462755,50.54495302,5.671419084,180.6465282,pigeonpeas
7,74,17,22.47253208,62.56532471,5.667419697000001,96.74706956,pigeonpeas
17,64,18,36.75087487,58.25799145,6.07938452,124.6028153,pigeonpeas
35,71,17,29.89286629,66.35375127,6.931924962999999,198.1403003,pigeonpeas
11,72,22,29.37735586,44.82294584,6.842744374,172.40168,pigeonpeas
20,60,22,29.65052947,42.89833235,6.876572502999999,186.9226052,pigeonpeas
10,71,18,19.54284889,66.34777265,6.151029296,173.11069819999997,pigeonpeas
33,61,24,20.04611791,48.93905624,4.567446499,122.4564203,pigeonpeas
3,49,18,27.91095209,64.70930606,3.692863601,32.67891866,mothbeans
22,59,23,27.32220619,51.27868781,4.371745575,36.5037914,mothbeans
36,58,25,28.66024187,59.3189118,8.399135957999999,36.92629678,mothbeans
4,43,18,29.02955344,61.09387478,8.840656256,72.98016599,mothbeans
29,54,16,27.78031515,54.65030015,8.153022903,32.05025323,mothbeans
32,43,22,31.99928579,54.1077461,5.270749441,71.6266696,mothbeans
14,55,15,27.33580911,55.27755933,8.050304395,73.44775287,mothbeans
5,35,20,28.92952635,53.57014709,9.679240873,66.35634104,mothbeans
25,57,24,27.65472156,58.59986279,6.974978386,36.94255012,mothbeans
11,53,24,28.52396666,55.77264351,7.39389918,61.32935611,mothbeans
40,49,17,31.02215872,45.89239456,6.68727523,53.56783314,mothbeans
38,56,25,25.74095321,45.38497051,7.88118645,67.43488235,mothbeans
27,43,23,31.70447482,56.85420099,5.875333778,44.94317432,mothbeans
24,38,22,24.47876451,58.51663927,8.202706015,34.96933295,mothbeans
23,45,21,31.46511256,51.79939437,8.985348193,74.44330654,mothbeans
29,57,20,25.60973447,50.7330069,5.87707519,53.39249517,mothbeans
31,35,23,30.30260453,47.18283631,7.707595055,68.04039813,mothbeans
0,55,25,28.17489437,43.6672299,4.524171562,45.78172762,mothbeans
7,45,22,25.50634557,44.8302551,9.926212291,74.32635105,mothbeans
17,58,25,31.12896766,43.58788762,6.455592696,32.76742894,mothbeans
11,44,17,26.34043268,55.59160391,8.016210782,35.1051197,mothbeans
22,49,22,28.23494706,61.5620517,3.71105919,72.66666443,mothbeans
9,51,19,27.04453473,49.32609633,5.49091063,48.25207759,mothbeans
28,48,15,25.16125354,55.25435777,9.254089438,40.89732789,mothbeans
26,50,19,27.3179125,51.66921088,6.005242945,32.55919573,mothbeans
36,56,20,25.4123765,49.66474269,7.437078236,31.87416982,mothbeans
8,60,18,31.21629982,46.01868196,3.808429173,53.1205277,mothbeans
24,37,21,30.573999,58.22686794,5.818219385,62.74803826,mothbeans
22,43,24,25.42517036,53.22082660000001,4.52363558,46.19374559,mothbeans
36,43,24,27.09400578,43.65305437,3.510404312,41.53749535,mothbeans
22,44,24,24.30935081,56.32938343,6.030447288,58.99536268,mothbeans
17,43,22,30.06142622,45.90067655,5.498340807999999,41.0550915,mothbeans
8,45,15,28.09568993,60.98353839999999,4.61136408,33.84110759,mothbeans
7,56,23,26.33908791,40.00933429,5.545219232000001,55.50429227,mothbeans
36,57,16,28.61409059,57.14218792,8.292875733999999,57.02891698,mothbeans
11,45,19,28.70012137,44.359648,3.828031463,44.11622138,mothbeans
6,36,22,24.21610338,59.79236306,8.869532817,42.24783476,mothbeans
17,57,20,28.50677929,45.20094476,3.793575185,66.1761456,mothbeans
4,47,20,25.97948991,64.95585424,4.193189124,72.19245835,mothbeans
9,49,16,30.88482722,41.36561835,7.661537347999999,55.053805,mothbeans
25,51,24,25.5042419,61.66852372,9.392694614,65.07981523,mothbeans
36,44,21,25.12528913,51.33189406,4.516154055,38.48678973,mothbeans
21,38,20,27.10508014,63.56791363,5.794289715,62.20279647,mothbeans
37,57,20,31.1006247,44.82069159,7.354286985,70.79934452,mothbeans
32,48,18,26.45707778,56.40226277,5.993513566,64.16167699,mothbeans
29,44,20,30.04132304,63.56222995,8.620107545,31.83192392,mothbeans
25,51,18,27.77799528,54.82130787,9.45949344,50.28438729,mothbeans
10,44,24,30.99256944,43.02151392,8.0344125,58.27600682,mothbeans
23,35,18,26.4908332,47.36534833,5.414492777,36.99362831,mothbeans
9,60,23,31.96987867,57.17377029,6.2760043360000015,64.25520357,mothbeans
3,58,21,25.36140526,46.82652785,9.160691747000001,55.60523179,mothbeans
22,42,22,25.54249137,56.96640758,7.887658711,48.46797044,mothbeans
12,39,21,28.99319096,62.85948245,8.183844843,70.4713043,mothbeans
39,36,22,29.34317422,60.50320928,9.072011412,34.03335472,mothbeans
32,41,16,28.63618921,61.39451307,7.702287236,68.54877876,mothbeans
30,41,15,24.83206631,44.17085032,5.88509677,52.0810886,mothbeans
19,36,22,25.44689075,58.55363573,6.16496284,57.04826619,mothbeans
4,46,15,31.01274943,62.40392519,3.504752314,63.77192383,mothbeans
21,39,20,27.06179658,52.3003173,7.388007482999999,60.74583498,mothbeans
35,57,25,27.0956288,42.26206161,8.340398059,71.12710390000002,mothbeans
22,55,24,28.56800579,57.30636014,8.66077954,64.53027638,mothbeans
35,51,17,28.79929247,49.84213387,3.558822825,40.85534718,mothbeans
17,56,17,27.94293692,45.41393636,5.9565851,69.66289997,mothbeans
28,57,17,30.47757686,61.58245338,9.416003106,61.86633917,mothbeans
22,36,16,30.58139475,50.77148138,8.18422855,64.58559639,mothbeans
11,41,19,26.85911286,41.81420849,5.131779302,44.13827124,mothbeans
38,38,18,26.31051759,61.18749126,6.294130312999999,35.73403813,mothbeans
23,37,24,28.77833449,44.2252605,7.991902443,33.95825723,mothbeans
25,35,20,28.90245417,43.35365671,8.923095695,71.90018566,mothbeans
40,45,20,29.37687468,57.69622912,6.878498176,38.34303462,mothbeans
23,58,19,24.17093241,58.25204566,5.243634848999999,59.18953429,mothbeans
2,56,23,26.65333029,59.79023382,7.550090941,36.91852635,mothbeans
3,56,17,28.19912143,53.50567601,8.709291687999999,52.13580529,mothbeans
26,51,25,28.76488954,52.62741529,7.792508067999999,55.21606732,mothbeans
39,42,20,29.3499706,61.25353851,8.055908857999999,40.82840673,mothbeans
27,59,20,28.00937423,52.60950014,4.397698806,36.01203025,mothbeans
24,45,19,26.85851927,48.8246387,5.9523849570000005,34.7426459,mothbeans
7,40,17,31.2123945,40.92604945,8.532078732999999,53.78769958,mothbeans
15,45,23,24.20422636,61.43378674,7.224193642,46.0203959,mothbeans
26,52,23,29.98835437,49.60384796,4.931890506,52.92929636,mothbeans
20,45,16,29.93964907,54.61813464,4.626212446,45.43669946,mothbeans
34,54,24,31.2119298,41.55934359,5.026003659,68.80141783,mothbeans
19,51,25,26.80474415,48.23991436,3.5253661,43.87801983,mothbeans
29,41,21,31.49398069,62.84916863,8.86979671,64.56807592,mothbeans
20,50,22,30.99694676,46.42693735,9.406887532999999,38.31597852,mothbeans
11,40,23,29.61253065,63.04749127,5.80428611,50.1978269,mothbeans
15,54,15,29.97604322,57.03184356,8.35495812,44.86052932,mothbeans
35,55,22,30.88883074,52.62696801,8.634929739,55.51932414,mothbeans
9,59,25,30.39321309,60.16299493,7.699200949,35.37493212,mothbeans
40,45,18,30.43683729,55.20522037,5.261285926,30.92014047,mothbeans
35,38,19,25.32688786,63.18180319,9.112771682,32.71129281,mothbeans
14,58,17,30.53684308,59.96664731,4.605700542,33.48919022,mothbeans
40,55,18,30.38257873,40.5926071,7.115994051,47.95406479,mothbeans
18,36,23,24.01825377,53.76623369,7.214078621,35.03404425,mothbeans
35,52,15,28.69841277,61.14754363,9.93509073,65.67591794,mothbeans
4,59,22,29.33743412,49.00323081,8.914074888,42.44054315,mothbeans
22,51,16,27.96583691,61.34900107,8.639586199,70.10472076,mothbeans
33,47,17,24.86803974,48.27531965,8.621514073,63.9187654,mothbeans
2,51,17,25.87682261,45.96341933,5.838508699,38.53254678,mothbeans
16,51,21,31.01963639,49.97675220000001,3.532008668,32.81296548,mothbeans
19,55,20,27.43329405,87.80507732,7.18530147,54.73367631,mungbean
8,54,20,28.3340432,80.77275974,7.034214276,38.7976407,mungbean
36,55,20,27.01470397,84.34262707,6.635968697999999,55.296354,mungbean
10,56,16,28.17432665,81.04554836,6.828187498999998,36.35720652,mungbean
22,56,17,29.87888063,87.32761241,6.89077995,44.75215854,mungbean
9,57,24,29.89232778,89.71503316,7.165121108999998,42.99498978,mungbean
34,59,23,28.56212158,83.24855855,6.935804256,56.48265193,mungbean
31,51,25,27.53592929,85.57019009999998,7.196774236,53.01899249,mungbean
0,49,18,29.68361658,87.93598094,6.990095452,41.82490236,mungbean
21,39,20,28.14448546,82.1193047,7.064782137999999,46.75690086,mungbean
28,35,22,29.53037621,86.73346018,7.156563094,59.87232071,mungbean
17,52,17,27.88352946,86.45147631,6.364967184,44.64407105,mungbean
24,42,23,28.22471276,82.35916228,6.428054409,44.01206619,mungbean
28,46,16,29.008124,84.96089355,6.664187809,45.91011391,mungbean
21,38,21,29.75538903,86.45193297,6.637677489,37.54602719,mungbean
34,60,25,29.78416743,85.16906976,6.79385576,40.77872823,mungbean
19,53,22,27.8640132,80.4513142,6.852884642999999,42.83053902,mungbean
31,58,15,27.11026483,84.96771717,7.121571293,51.52617423,mungbean
19,35,24,27.11030369,83.64274107,6.883308033,49.11964582,mungbean
24,53,17,28.95451232,89.07866095,6.421271178,57.65901369,mungbean
13,47,20,29.21780035,87.93724219,6.54450214,43.1386631,mungbean
31,53,16,28.7420098,85.81675947,6.452006451,48.54598575,mungbean
28,45,23,29.65021184,80.29868321,6.489259136,56.76278363,mungbean
31,37,21,27.23924995,86.404241,6.713410626,37.31236904,mungbean
33,60,15,28.95172351,81.67085323,6.510840928,56.51103293,mungbean
34,45,21,28.18837136,82.60629652,6.2873801170000005,37.01110438,mungbean
13,57,25,28.30041493,86.20681554,6.86308576,50.47333854,mungbean
33,57,17,27.89636126,88.71782287,6.78415271,57.79863368,mungbean
32,57,22,28.6899851,87.50436797,6.769415887999999,44.56598352,mungbean
23,59,25,27.826262300000003,88.73100226,6.320768488,56.68833819,mungbean
35,41,18,28.70562673,81.59200689,6.7050085039999985,59.87065439,mungbean
6,48,24,28.6362812,84.61431076,6.790736339,48.48319335,mungbean
29,36,25,28.28511547,88.4393979,7.130278657000001,48.56690235,mungbean
4,36,22,27.60887393,86.13316408,7.012740397000001,43.80041104,mungbean
10,59,22,28.60901145,86.99495766,7.1556850160000005,36.94616965,mungbean
14,48,21,29.24598976,84.80084105,6.991242362,53.43228915,mungbean
8,50,21,28.62911222,89.11480590000002,6.218923893,50.49913241,mungbean
20,40,15,29.57329479,88.07505524,7.199495367999999,45.04467075,mungbean
36,43,22,27.82684262,87.16679147,6.3898821660000005,58.37249772,mungbean
14,57,15,29.8757015,83.14796296,6.623438282,40.12044158,mungbean
11,60,23,27.33684386,88.50229102,7.033012777000001,51.09802625,mungbean
10,59,15,29.83040388,89.30428305,6.32400451,58.86687093,mungbean
7,60,25,28.2753171,82.76020821,6.397636709,56.04995423,mungbean
2,47,15,29.86860065,85.99127934,6.401455706,58.41394143,mungbean
20,45,22,29.5888162,89.9939693,6.904587016,54.96121262,mungbean
2,39,15,28.07219563,82.9116472,6.478557136,49.61865305,mungbean
27,40,24,27.84026517,89.99615558,7.063022095,52.84626009,mungbean
35,48,15,27.10818093,87.45126690000002,6.981758362000001,55.03723979,mungbean
4,59,25,27.68515114,81.94268594,6.227134139,54.62243308,mungbean
1,48,24,29.34594634,85.60472562,6.232836962,59.03629954,mungbean
36,43,21,28.36319404,84.8593608,7.140437859,52.93031105,mungbean
11,46,24,27.65280218,89.80650642,6.459252023,56.52558045,mungbean
34,47,19,27.31372793,85.44815232,6.5687954039999985,53.15223123,mungbean
21,44,18,27.06909959,86.89934108,7.12851089,50.46746116,mungbean
17,58,20,28.06642822,85.91625451,6.42937879,39.23831035,mungbean
25,40,21,27.73329078,81.13903037,6.248900919,44.17580911,mungbean
2,38,18,27.53632932,89.92908171,6.619891497999999,45.48591922,mungbean
9,48,20,29.66461594,84.28187572,6.377568542000001,56.09542002,mungbean
37,49,25,29.914544300000006,85.85384444,6.415459592,41.39081525,mungbean
36,38,15,28.36363858,87.59810657,6.3206620120000006,57.99524359,mungbean
40,58,15,29.46416042,87.60890009,6.978400282000001,43.15411472,mungbean
30,44,16,29.73013036,82.89166381,6.442335592999999,50.91511275,mungbean
1,59,23,27.46852989,87.17649,7.184398832,43.78420984,mungbean
9,48,22,27.77076285,87.09979549,6.402926221,49.50812624,mungbean
14,41,17,29.12939524,88.48312598,7.085982325,36.45012824,mungbean
35,52,19,27.10606808,89.89593328,6.698574085,37.45680611,mungbean
31,48,17,28.88078945,86.94206817,6.594739424,53.79732545,mungbean
4,41,20,28.14720892,83.8001509,6.647965508,37.44800463,mungbean
30,37,25,29.89129144,80.14487166,7.120032489,54.7960127,mungbean
9,35,20,27.41503453,80.98004661,6.91380932,40.53173216,mungbean
20,41,20,29.27308605,89.4875022,7.073048264,50.9246554,mungbean
37,50,23,29.65296893,88.48587386,6.5304707,56.01913159,mungbean
34,35,21,28.44524991,82.67639542,6.684381357,58.18713162,mungbean
14,37,15,27.96235681,83.97586797,6.581351374,48.9366954,mungbean
23,39,22,29.25649321,81.97952224,6.86483915,42.02483277,mungbean
5,45,21,28.36291385,88.00989267,6.487124217000001,43.05130077,mungbean
22,37,20,27.62749466,86.49366929,6.605733067999999,39.26137642,mungbean
40,51,17,28.66086349,86.12194568,6.860602782000001,50.01534317,mungbean
27,56,20,29.2114218,87.11497805,6.41874299,51.53848218,mungbean
31,40,22,29.40889385,86.16063492,6.365513634,53.35486977,mungbean
38,36,21,28.02952623,84.8845732,6.5563729660000005,36.12042927,mungbean
6,37,17,28.08657178,80.35005927,6.760694227999999,38.14476781,mungbean
6,47,18,29.16174608,80.28038146,6.715276662999999,40.16545979,mungbean
24,44,17,29.8596912,80.03499648,6.666380512000001,50.66487502,mungbean
25,59,19,29.06631494,83.6869203,6.626629798,43.95183726,mungbean
32,56,21,27.38538997,88.66663953,6.702772465,58.29933073,mungbean
8,45,18,27.93034941,85.42058715,7.011030515,43.25095608,mungbean
19,39,17,29.2808618,81.8009244,6.890156495,44.47427436,mungbean
39,37,15,28.9973145,83.78911515,6.821747052,59.84499208,mungbean
33,37,19,27.92678579,86.5543196,7.183189922,43.4826194,mungbean
26,54,17,28.5474135,88.9570454,6.27258822,49.4897245,mungbean
21,51,15,29.36488409,89.1886954,6.679127482,48.30159325,mungbean
22,54,20,28.56149805,83.63802195,6.689825155,41.013132,mungbean
29,45,16,28.43683487,87.91332682,6.583381939,43.12063289,mungbean
4,40,21,28.79728147,80.45744422,6.725551062,44.30070517,mungbean
10,37,22,28.7275267,89.12760359,7.0697478139999985,58.52974279,mungbean
4,44,19,27.95639663,83.52706038,6.921993877999999,43.25726752,mungbean
20,45,17,28.17458662,83.69659318,6.770955317,37.2464655,mungbean
23,45,23,28.77653519,86.69133979,6.983130466,56.12443206,mungbean
25,48,21,28.438097,83.48991368,6.267684328,52.55469976,mungbean
56,79,15,29.48439992,63.19915325,7.454532137,71.89090748,blackgram
25,62,21,26.73433965,68.13999721,7.040056094,67.15096376,blackgram
42,61,22,26.27274407,62.28814857,7.418650668,70.23207557,blackgram
42,73,25,34.03679184,67.21113844,6.501869314,73.23573601,blackgram
44,58,18,28.03644051,65.06601664,6.814410927999999,72.49507741,blackgram
50,55,16,28.81460716,65.33538112,7.581442888,62.26242533,blackgram
35,72,21,34.03619494,64.28791388,7.741418772,66.85510868,blackgram
30,64,20,33.8642935,61.57072498,6.573531614,68.02199825,blackgram
27,64,21,32.84213012,68.68401492,7.543804222999999,73.67166182,blackgram
50,74,17,27.10053268,63.36085585,6.5408208,73.84949872,blackgram
39,73,24,25.65842532,61.18235808,7.22405917,69.28607828,blackgram
57,67,25,32.34744009,66.61452812,7.551364319,64.55882254,blackgram
52,63,19,29.58949031,68.32176769,6.928898659,67.53021213,blackgram
55,66,22,30.91219459,68.79427388,7.747775262999999,66.63830637,blackgram
51,56,18,28.12787838,64.2097765,6.706505915,70.86340755,blackgram
36,66,15,30.08545364,69.34811988,6.668238556,67.1367443,blackgram
59,55,19,31.74379487,62.51007687,7.332375138,68.97097538,blackgram
50,58,23,27.81326852,62.50460464,7.596802025,69.75555541,blackgram
30,65,25,32.88733849,64.59457409,7.70650895,71.50569456,blackgram
20,62,18,29.36358721,64.98742947,7.366542647,61.91208707,blackgram
58,71,15,27.82592799,67.58618829999999,6.919243702,74.01229707,blackgram
25,71,24,28.49538735,60.44848407,7.187721817999999,74.91559514,blackgram
52,71,16,27.74274761,68.53997144,7.0758864720000005,71.78615328,blackgram
40,63,18,30.41588462,67.66323804,6.74441168,63.02473185,blackgram
20,60,25,27.3254209,69.09047809,6.726469087999999,61.19250859,blackgram
48,61,21,30.28496619,61.69295127,6.628264883,65.62859526,blackgram
49,68,22,28.56840626,61.53278622,7.127064207,63.49726331,blackgram
48,62,15,25.36586097,66.6379724,7.538631462000001,65.81655892,blackgram
32,66,17,34.9466155,65.26774011,7.162357641,70.1415139,blackgram
21,63,22,25.09737391,67.72837887,6.859409487000001,74.61649888,blackgram
20,72,19,32.47648301,64.34848735,7.397190844,65.82045699999999,blackgram
25,65,21,33.86351172,68.59232289,6.880245789,69.24464096,blackgram
41,78,21,25.19857725,60.37332688,6.581313137,70.88787207,blackgram
53,67,17,31.77681682,69.01852894,7.296972161,61.46892873,blackgram
39,60,21,34.89814946,63.59948557,6.97297656,64.72797143,blackgram
25,76,17,31.74105409,68.63525428,7.241148507,62.3061735,blackgram
21,78,19,27.16159076,66.76017239,6.92009048,69.85112265,blackgram
57,60,17,26.23773129,67.88521396,7.504608385,73.58663968,blackgram
56,75,15,30.20157245,60.06534859,7.152272256,66.37171179,blackgram
49,72,15,31.55846339,67.83563765,7.137004749,74.86960831,blackgram
24,80,19,29.67892453,69.0854554,6.8080417220000005,65.66436565,blackgram
49,76,18,27.05365239,67.7017527,7.393631868,60.4693835,blackgram
28,68,19,34.63880966,61.38597868,7.69950698,72.43169115,blackgram
55,78,21,33.39438752,62.93692886,6.6028882489999985,63.57445989,blackgram
50,64,25,28.84079155,63.37230676,6.734447425,70.25496749,blackgram
34,80,19,31.49338309,63.0563645,6.521217963,71.48327008,blackgram
20,68,23,25.54960633,63.95425534,7.707332484,63.1830529,blackgram
55,67,16,34.37329112,69.69366426,6.596719015,70.27184748,blackgram
23,70,15,34.600824700000004,63.11296779,7.403623355,60.41790253,blackgram
53,74,15,29.43463808,64.94329356,7.517097,72.17818157,blackgram
26,67,16,29.10713092,67.90577375,7.17620823,67.83345933,blackgram
33,80,22,28.57006111,65.71765781,6.593961761,70.0866434,blackgram
37,79,19,27.54384835,69.3478631,7.143942758,69.40878198,blackgram
33,75,21,33.04687968,68.93875631,6.690655045,62.30278274,blackgram
22,55,20,33.95309131,69.96100028,7.423530351,61.16350463,blackgram
20,68,17,30.11873003,60.11680815,6.578714842999999,71.72980375,blackgram
43,68,20,29.57812712,66.17587668,7.497469256,69.43895491,blackgram
44,76,22,27.26458947,68.01232937,7.775306272000001,68.91754359,blackgram
34,60,16,31.35730791,64.24992106,7.322555222999999,63.85668948,blackgram
21,72,17,31.52104732,66.55723677,7.580527339,61.71111448,blackgram
25,68,19,29.39982732,64.25510719,7.1084501210000015,67.47677295,blackgram
41,62,15,29.38400259,64.14928485,7.358974541,65.24194361,blackgram
28,65,23,28.38686534,61.88871127,7.405176138,74.24459122,blackgram
35,64,15,28.47442276,63.53604453,6.500144962,69.5274407,blackgram
52,58,16,30.64095781,61.14508627,7.167435834,71.36947525,blackgram
58,75,25,25.25596239,61.36669662,7.261791753,68.64685069,blackgram
34,66,19,32.97030511,60.18122078,7.586642101,73.44678678,blackgram
52,70,16,33.66855394,66.60416867,7.534811832999999,67.32520551,blackgram
23,57,19,32.83963757,67.99803573,7.251000789,73.40452716,blackgram
42,58,25,27.45853567,62.90020977,6.513620917999999,69.46020927,blackgram
37,62,17,25.68576704,69.84354028,7.121254928,74.62068748,blackgram
44,75,22,30.0328403,64.14800537,7.574561547,71.21006868,blackgram
21,80,20,28.20667264,68.27085245,7.350869792,64.32887142,blackgram
56,76,16,28.27265858,61.18956161,7.5131510760000015,63.29900785,blackgram
29,76,15,28.541723600000005,64.2020154,7.0256077060000015,69.68862306,blackgram
43,61,20,26.87187036,61.61367264,6.804253866,63.51822045,blackgram
55,60,15,32.79766751,68.77994074,7.163043872,64.11411069,blackgram
44,63,15,26.42333018,64.51136845,7.338929556,63.46546487,blackgram
29,67,21,29.79181107,63.38789228,6.621323612,63.02169909,blackgram
47,63,16,27.44003279,67.10464369,6.661870999,72.50669768,blackgram
40,68,17,34.1262979,65.14877461,7.733149554,70.40795007,blackgram
58,61,15,30.94908189,64.23364112,7.402891666,62.78730907,blackgram
41,74,18,28.75751783,61.02701476,6.599147297999999,73.37686831,blackgram
58,79,17,27.24766491,66.10123083,7.04174124,62.31842057,blackgram
27,62,24,28.63005477,66.770943,7.353876754,62.2737345,blackgram
27,60,17,26.41768321,63.64698302,7.0267953589999985,64.42177127,blackgram
52,65,20,32.81705216,66.15665137,6.814301033,68.83924882,blackgram
44,55,25,29.6321052,65.91359954,7.42160832,71.16331975,blackgram
21,62,24,33.49077065,62.73317204,6.8473828910000005,65.45328463,blackgram
60,59,22,31.86847286,66.74217464,7.191522601,74.22238583,blackgram
33,77,21,30.32992227,65.62971858,7.01285529,71.64631281,blackgram
59,58,17,28.546224,66.31394098,7.368318809,62.83469851,blackgram
29,63,17,30.02629908,67.88811637,7.26154329,66.47264636,blackgram
59,63,18,31.65531175,60.13263713,6.52669158,66.69096751,blackgram
29,70,15,30.33499674,63.54718862,6.872594461,74.16699119,blackgram
58,73,16,33.36984395,65.67718163,6.874142175,64.89517488,blackgram
55,77,22,31.4345059,62.99303471,7.76061831,64.77651469,blackgram
42,79,23,27.71678273,63.29103387,6.781841984,68.56507978,blackgram
44,77,21,32.63918668,61.3009051,7.326980454,61.83876146,blackgram
38,62,25,32.7477393,67.77954584,7.453975408,63.37784443,blackgram
32,76,15,28.05153602,63.49802189,7.604110177000001,43.35795377,lentil
13,61,22,19.44084326,63.27771461,7.728832424,46.83130119,lentil
38,60,20,29.84823072,60.63872613,7.491217102,46.80452595,lentil
11,74,17,21.36383757,69.92375891,6.633864582,46.6352865,lentil
37,71,16,26.28663931,68.51966729,7.324863481,46.13833007,lentil
29,71,18,22.17499963,62.13873825,6.410441476,53.46622584,lentil
2,72,18,26.57597546,60.97876599,7.836719564,50.89110726,lentil
6,59,21,26.58972517,66.14007674,6.139215944,50.90994463,lentil
13,64,20,19.1345771,62.57526895,6.590571088,36.46946971,lentil
8,58,17,28.75273118,69.15640149,7.286049977999999,35.15426171,lentil
6,77,20,25.78746268,60.2816298,6.058306161,49.14337177,lentil
2,75,22,23.89271875,61.78779413,6.658605362,52.55730112,lentil
3,69,23,28.67408774,63.18832976,7.299360767,42.96018627,lentil
27,80,24,28.42062847,61.77336343,7.815210661,49.02366803,lentil
39,78,15,21.35499456,62.60136323,5.925391795,41.78219834,lentil
40,79,17,21.12695586,63.18738532,6.403683619,38.71834464,lentil
37,62,22,24.02037872,61.62313345,7.397546271,49.78102578,lentil
31,60,24,25.40474421,65.8567539,7.722335992,51.92057267,lentil
22,67,22,29.03017561,64.49166566,7.475926645,54.93937710000001,lentil
3,78,18,20.21368219,68.65257685,6.887130053,50.89732989,lentil
4,80,16,29.19585548,68.01965728,7.441976825,44.93261911,lentil
13,61,24,18.29783597,69.6897615,7.629910252999999,49.39111479,lentil
12,66,20,27.41434987,63.41785982,7.336117221,44.43177543,lentil
4,61,21,24.84063998,60.09116626,6.75020529,48.77790371,lentil
9,60,21,29.94413861,67.31323084,7.52178027,40.37113729,lentil
18,66,22,25.87990287,67.55109024,6.347379185,47.89645224,lentil
32,56,18,20.0467711,65.84395319,7.135251532000001,46.05333124,lentil
6,72,15,22.99451999,66.70897237,7.670178119,54.49044154,lentil
15,77,20,25.13163619,66.92642362,7.399749291,49.04015558,lentil
0,65,24,28.49584395,62.44616219,7.841496029,53.14531023,lentil
30,79,22,18.28766124,69.48515056,6.254216611,48.60449438,lentil
3,63,16,24.38041875,61.18458224,6.868881707999999,53.13946695,lentil
2,78,23,21.31852148,66.43934593,7.320514721,45.42616802,lentil
10,78,18,18.54141834,62.70637578,6.296976913,44.07819743,lentil
14,67,25,25.28710601,60.85993533,7.241151936,49.37369982,lentil
39,65,23,25.43459777,69.12613376,7.685959305,41.02682925,lentil
19,72,15,28.83600962,69.76112921,6.890760124,44.08562546,lentil
18,57,21,27.37659643,63.93927841,6.155915975,49.47371773,lentil
31,58,15,28.31886863,60.19461399,6.167855382000001,45.36521251,lentil
28,58,25,27.4818649,62.04814951,6.861640036,37.81123974,lentil
5,65,19,18.28072173,68.10365387,6.978361689,48.80253285,lentil
16,65,19,27.61204997,69.29786244,7.043160241,42.72374404,lentil
34,65,19,23.43974653,63.22011726,5.94239222,45.40277297,lentil
14,69,19,20.95628486,63.68128841,7.239455147,52.39881209,lentil
22,55,16,23.7937153,68.03209183,6.516317561,49.73922097,lentil
24,61,17,22.6371424,65.44544859,6.233269045,38.30411077,lentil
2,79,15,21.53577883,65.47227704,7.505283615,35.75107592,lentil
26,63,17,29.87854588,65.73085206,6.950300686,44.95654782,lentil
27,61,15,25.2653291,67.10004577,6.958054839,48.33941188,lentil
24,70,16,25.17885316,68.93307305,6.54803469,35.03484812,lentil
13,74,25,24.12192608,61.09533545,6.461618577,44.23629285,lentil
6,64,23,23.33565221,67.40460704,7.065264073,36.18678721,lentil
12,58,23,21.74600081,63.39503184,6.765091462000001,50.43306085,lentil
32,79,22,27.60195453,63.46170674,5.91645379,54.37814199,lentil
6,68,18,24.388717,62.50453062,6.711341147000001,47.26052494,lentil
10,79,20,24.98287462,66.895409,6.379881442,38.21370568,lentil
38,77,22,28.234829,69.3159965,6.313284267999999,35.36831423,lentil
17,74,17,26.03026959,69.55863145,7.393210848,37.11395801,lentil
26,68,24,28.04849594,64.07691942,7.504930973,37.15824966,lentil
23,75,17,24.87425505,64.00213929,7.198076286,48.28137482,lentil
32,78,22,23.97081395,62.35557553,7.007037515,53.40906048,lentil
19,79,19,20.06003985,67.76252583,6.677262562,42.89509057,lentil
22,60,18,19.59221047,61.28633405,6.74398035,41.7704893,lentil
28,69,16,29.77013109,66.29327012,6.547361617999999,35.69674138,lentil
1,67,21,27.52135365,60.53657684,6.551577598,48.06491307,lentil
12,67,23,25.62896213,63.14909763,6.585020302999999,45.49683991,lentil
36,67,20,20.39078312,60.47528931,6.924042372000001,53.31508572,lentil
28,70,21,25.39038396,60.4989659,7.437373666,39.18374505,lentil
12,71,19,24.91079638,60.71367427,7.142611056000002,42.19740397,lentil
22,68,16,27.70496805,63.20915034,7.74672376,37.46160727,lentil
26,66,22,18.06486101,65.1034354,6.300479414,51.54922825,lentil
16,65,16,18.13027797,62.45851612,6.078724107,50.6128521,lentil
14,59,22,23.82723528,67.89815262,6.76660668,46.90725077,lentil
33,59,19,23.19305333,62.74710773,7.641024177,49.55213308,lentil
21,63,17,25.08966129,68.17543102,6.559681838,41.45486619,lentil
0,69,21,25.86928193,61.88321072,7.072923306,36.68284038,lentil
10,75,17,18.43966037,68.05394959,7.732194787999999,39.00992137,lentil
30,61,18,27.14911056,67.02664337,6.157782589,52.50812701,lentil
0,74,17,23.33375853,64.50515776,7.240988401,47.01510708,lentil
35,74,22,26.7230014,62.96841833,6.898905799,42.87274897,lentil
7,63,24,19.55750776,64.45268309,6.818681086000002,53.04669416,lentil
9,56,17,26.13708256,66.7729209,6.261937875,46.48280681,lentil
14,74,15,27.99990346,65.57653373,6.493036868,49.94043064,lentil
14,76,20,29.05941162,62.10652364,7.042474679,36.5011366,lentil
36,65,16,25.71269843,64.1123333,7.692013657,50.17067771,lentil
28,67,21,21.79792649,63.73086065,6.250994222999999,46.62370222,lentil
28,79,16,24.70626432,60.26854183,6.0521848810000005,53.12442925,lentil
40,61,22,20.94981756,65.8108757,7.002216044,44.23913012,lentil
10,70,19,24.84918386,68.98088448,7.272427638,41.61080544,lentil
12,80,19,21.91041045,65.21662467,5.962001484,36.10211371,lentil
37,77,20,25.93381964,68.70533022,7.080506001,51.02372773,lentil
0,67,22,29.82112112,69.4073209,6.5937983870000005,51.56461082,lentil
7,73,25,27.52185591,63.13215259,7.28805662,45.20841071,lentil
10,56,18,27.99627907,68.6428593,7.32710972,46.10585191,lentil
39,70,15,20.76774783,63.90164154,6.366355781,47.9271552,lentil
26,56,22,23.05276444,60.424786,7.011121216,52.60285259,lentil
9,77,17,21.65845777,63.58337146,6.280725549,38.07659414,lentil
4,59,19,26.25070298,67.62779652,7.621494566,40.8106299,lentil
34,73,15,20.97195263,63.83179889,7.630424082999999,53.10207889,lentil
33,77,15,23.89736406,66.32102048,7.802212437,40.74536757,lentil
2,24,38,24.55981624,91.63536236,5.922935513,111.9684622,pomegranate
6,18,37,19.65690085,89.93701023,5.937649577999999,108.0458926,pomegranate
8,26,36,18.78359608,87.4024767,6.804781106,102.5184759,pomegranate
37,18,39,24.1469628,94.5110662,6.424670614,110.2316633,pomegranate
0,27,38,22.44581266,89.90147027,6.7380162210000005,109.3905998,pomegranate
31,25,38,24.96273236,92.40501423,6.4973666770000005,109.4169192,pomegranate
21,21,38,22.5526059,89.32594859999998,6.327673765,104.8955643,pomegranate
6,30,40,22.77035608,91.45498527,6.36137446,106.9659201,pomegranate
25,27,41,19.20090378,94.27659596,6.9235093710000015,108.0423555,pomegranate
15,11,38,23.12808226,92.68328358,6.630646082999999,109.3930157,pomegranate
14,5,36,24.92639065,85.19098079,5.832525853,104.7693804,pomegranate
16,10,41,24.77464458,85.63608688,6.738993954,105.7595811,pomegranate
36,7,37,19.8671184,86.35590206,5.782435567,108.3168858,pomegranate
4,20,41,24.26601316,93.7974061,6.537042717,104.5375109,pomegranate
29,22,40,23.62600218,89.73266695,6.145104401,107.6836871,pomegranate
16,15,42,19.67832052,89.08935702,6.890784045,108.5468633,pomegranate
18,27,41,22.36509395,92.30882391,7.175344328,104.8216333,pomegranate
11,18,42,21.57936934,94.88267728,5.938528744,102.8593382,pomegranate
5,15,38,18.26233221,88.16779129,5.709380472,108.0756727,pomegranate
18,23,44,23.71028128,89.61794165,6.184400085,105.64999070000002,pomegranate
9,8,40,22.48720144,89.9224883,6.553509673,111.6631582,pomegranate
40,27,45,21.660249800000006,94.79397419,5.885638185,112.4349689,pomegranate
22,23,44,20.13037175,89.31505137,6.1438746910000015,107.3416913,pomegranate
9,16,39,18.41164435,91.11927248,6.101198974,105.1834976,pomegranate
12,29,40,19.68291173,89.75272999,6.594037135,111.2818551,pomegranate
0,17,42,23.20242586,91.19442671,6.8598408210000015,109.0946323,pomegranate
2,21,44,18.92157197,87.31290342,6.56893406,102.8013275,pomegranate
28,6,40,22.10621387,91.34039616,6.769855664,106.8704803,pomegranate
8,23,44,18.47412402,89.68919664,7.130837931,108.4758509,pomegranate
29,16,36,19.81069447,88.92944254,5.7403380020000006,102.860084,pomegranate
17,18,43,24.4880844,90.83687246,5.843005428,103.1969341,pomegranate
34,21,42,18.75927679,89.93457597,6.6486872739999985,111.0196744,pomegranate
21,23,42,19.54128063,90.29751796,6.902751061,104.3739878,pomegranate
25,17,40,18.91251245,87.74938524,6.608023872,111.28005159999998,pomegranate
8,25,36,19.91330523,94.95031368,6.828522375,104.0277061,pomegranate
26,18,42,19.72620525,89.64934166,6.910374919,108.22872759999998,pomegranate
4,19,42,23.83185873,87.84034604,6.306605528,111.2232716,pomegranate
36,24,41,24.94467632,94.25702672,7.009180374,103.8799347,pomegranate
5,24,40,24.692258,93.87030088,6.2979075789999985,104.6735454,pomegranate
19,17,39,24.72485577,85.56083187,6.728599215,111.2787584,pomegranate
39,30,38,20.12644921,87.59629625,6.965156737999999,108.065579,pomegranate
5,29,44,21.02432943,93.0569505,5.578095745,104.7847006,pomegranate
4,24,43,22.40423537,88.1508343,7.199504273,109.8695196,pomegranate
38,21,35,20.33691147,89.38003827,5.841367187,110.9653137,pomegranate
37,11,36,24.24779615,85.56033312,6.710143266,106.9216033,pomegranate
9,25,41,24.81530144,91.90842992,5.972714857000001,109.2853418,pomegranate
29,22,43,19.66329768,87.95158129,5.561851831,106.0380805,pomegranate
5,21,38,22.43377991,90.3396556,6.107054807999999,112.459697,pomegranate
22,26,38,22.92052307,85.12912161,6.988035315,110.2437841,pomegranate
4,18,37,22.91843172,85.40695044,7.13147457,106.2817706,pomegranate
21,6,41,24.88244467,89.39686219,7.086947687,107.1951707,pomegranate
29,21,45,23.40981539,93.13277,6.749260456,105.2240743,pomegranate
23,5,44,21.20725375,94.26304717,7.16300467,107.5660804,pomegranate
13,7,43,18.20230419,91.12282162,7.013481515,109.66239740000002,pomegranate
5,13,37,22.34375696,89.7870345,5.6482436489999985,103.3183074,pomegranate
27,24,41,24.32770134,90.88292835,6.610251186,110.4606459,pomegranate
7,23,35,19.75088482,88.71691157,7.054313822999999,102.5538035,pomegranate
12,20,39,19.86173586,86.19740917,6.026999326,111.0217929,pomegranate
4,19,43,18.07132963,93.14554876,5.7794274020000005,106.3602023,pomegranate
3,9,45,23.89162561,89.61850203,6.535244251,104.617522,pomegranate
1,27,36,23.98598756,93.34236582,5.684995235,104.991282,pomegranate
23,30,44,20.93892916,85.42912869,6.12476108,103.0295938,pomegranate
24,21,42,20.82210727,87.22815682,6.999014379,109.4429934,pomegranate
13,30,37,20.86474944,91.61793636,6.277148771,106.8685636,pomegranate
40,11,44,24.45840036,86.10874614,6.322396027000001,111.3779693,pomegranate
21,9,40,24.51147697,90.64498715,5.956401828,105.6209954,pomegranate
3,27,44,24.56811204,92.03009222,6.591302797000001,110.9633894,pomegranate
40,29,42,24.63228709,89.01574455,7.104094929,110.6956184,pomegranate
14,25,40,20.07386547,90.97819712,6.407872061,103.7084055,pomegranate
38,14,37,21.80523051,94.63612858,6.658402594,102.6488846,pomegranate
34,9,36,22.8122645,86.34233767,6.276038961,110.4432293,pomegranate
32,14,37,22.73031253,88.48567856,6.825256236,104.6843243,pomegranate
18,21,35,23.2801227,94.94330457,6.368560522,111.1382096,pomegranate
8,23,38,19.30106297,87.1775172,7.005410734,105.4766591,pomegranate
15,6,41,19.0087067,88.83768149,6.8973684770000006,108.6793978,pomegranate
0,5,36,24.35193812,90.88612388,6.152906502,105.529185,pomegranate
22,9,44,24.72235539,88.87651295,5.744361602000001,112.1926517,pomegranate
14,8,43,21.92513945,94.46485312,7.051654924,111.71620159999998,pomegranate
31,11,45,24.83954414,86.88738076,6.034612928,107.6435771,pomegranate
39,17,45,18.09691127,90.42177379,6.9244907310000015,104.88188999999998,pomegranate
10,5,42,20.24104904,91.08706822,6.887005997,109.2537734,pomegranate
8,28,38,23.22594,94.42971362,6.8444019,105.6917856,pomegranate
32,13,42,23.50128217,92.97527546,5.786058032000001,106.61905,pomegranate
18,9,40,19.44623085,89.02127045,5.627186257000001,106.1606833,pomegranate
20,27,41,20.51343484,92.51675903,5.700088663,110.5764023,pomegranate
39,25,36,18.90223032,94.99897537,5.567805185,107.6103211,pomegranate
20,7,45,18.90592319,89.24126808,6.077886012,112.4750941,pomegranate
11,10,45,22.63045168,88.45577158,6.397995609,109.0357597,pomegranate
40,18,43,19.38603815,86.79058496,5.767372539,109.91309840000002,pomegranate
3,26,39,24.38318965,91.19431555,7.079973241,103.6012114,pomegranate
9,16,36,23.77989026,92.93386903,5.893332377999999,106.977723,pomegranate
30,20,38,22.59890174,93.16343942,7.058222596,110.0932899,pomegranate
40,9,41,24.37766782,85.4017118,5.78270695,106.128338,pomegranate
40,30,35,20.89273273,91.07776977,6.269663962999999,104.4407083,pomegranate
32,25,35,18.09903225,85.70786282,5.892913826,107.0050976,pomegranate
33,23,45,20.00218987,85.83618191,7.116538883,112.337046,pomegranate
4,14,41,19.85139326,89.80732335,6.430163481,102.8186358,pomegranate
13,17,45,21.25433607,92.65058936,7.159520979,106.2784673,pomegranate
39,24,39,23.65374106,93.32657504,6.431265737,109.8076178,pomegranate
8,28,37,23.88404783,86.20613842,6.082571701,108.3121789,pomegranate
91,94,46,29.36792366,76.24900101,6.149934034,92.82840911,banana
105,95,50,27.33368994,83.67675197,5.849076099,101.0494791,banana
108,92,53,27.40053601,82.96221306,6.276800323,104.9378,banana
86,76,54,29.3159075,80.11585705,5.926824754,90.10978128,banana
80,77,49,26.05433004,79.39654531,5.519088423,113.2297373,banana
93,94,53,25.86632408,84.42379269,6.079178787999999,114.5357503,banana
90,92,55,27.00932084,80.18546798,6.13465588,97.32531705,banana
108,89,53,29.55054817,78.06762846,5.8084976039999985,99.34482238,banana
108,88,55,26.28845991,83.390039,5.891458107,113.8729798,banana
105,77,52,29.16226551,76.16151562,5.8166224789999985,100.0075679,banana
118,88,52,28.65003945,82.68752542,5.8431631610000005,98.75084366,banana
101,87,54,29.07311132,76.50045221,6.376756632999999,100.1692639,banana
95,75,50,28.08166093,75.26429821,5.623615687000001,118.2761894,banana
106,85,53,27.1994597,78.80860679999998,5.91505509,99.72430835,banana
86,95,49,28.05484146,78.04602887,6.458714879,108.3957179,banana
83,79,55,25.14748006,83.34688193,5.565028635,98.66679427,banana
85,95,47,25.94019018,78.3422098,6.211833161,119.84797,banana
109,79,45,27.66752761,79.68542782,6.490074429,108.66464,banana
100,76,45,25.56703012,75.94067692,5.590236025,102.7867717,banana
117,86,48,28.6956201,82.54195839,6.2252252389999985,116.1616839,banana
114,94,53,26.33544853,76.8532006,6.1907574589999985,118.6858263,banana
110,78,50,25.93730186,78.89864446,5.915568968,98.21747528,banana
94,70,48,25.13686519,84.88394407,6.195152442,91.46442491,banana
80,71,47,27.50527651,80.79783998,6.156373499,105.0776992,banana
114,79,51,26.21009246,82.34429458,6.313197204,112.0700033,banana
88,78,45,29.10403455,79.19588629,6.324270089,92.07835761,banana
112,73,48,29.244063800000006,77.32017166,5.7074889870000005,90.66727868,banana
117,76,47,25.56202173,77.38229006,6.119216009,93.10247183,banana
111,87,48,26.3985515,81.36028902,5.571401169,98.16752001,banana
89,83,47,28.09577643,77.79586769,5.63127166,109.5408614,banana
93,91,47,27.84767901,83.31110751,6.101241579,117.2878912,banana
92,81,52,27.39341554,81.4654833,6.438137278999998,94.31102057,banana
105,74,45,25.14517635,81.38204104,6.098369122,119.218154,banana
102,71,48,28.65456263,79.28693687,5.695267822000001,102.4633775,banana
94,91,51,29.16093424,76.67484233,5.6180944460000015,109.575944,banana
116,71,47,27.57278064,82.0638878,6.435785799,91.34276507,banana
117,79,49,25.40909896,82.36208097,6.176644228,112.9794804,banana
119,72,55,25.99069521,83.33983116,6.220643671,112.0777152,banana
99,73,53,26.29039046,81.06003778,5.8717022110000014,118.6730366,banana
91,84,52,29.14827211,78.71024836,6.390741836,117.536781,banana
80,90,47,26.59743595,79.35898915,6.21084479,107.3944717,banana
101,70,48,25.36059237,75.03193255,6.012696655,116.5531455,banana
108,89,53,29.12036889,80.18080728,5.908770059,112.3982055,banana
100,80,52,27.53911354,77.25629897,6.049801781,110.3262123,banana
109,91,53,29.66727337,83.51014178,6.010095852999999,110.2511102,banana
82,78,46,25.05802193,84.97323747,5.738678895,110.4408803,banana
106,70,55,25.86824781,78.52399914,5.74055541,116.3019555,banana
90,86,52,25.85036988,81.95580471,5.793260262,119.08561709999998,banana
83,95,50,26.51682337,77.79913575,5.50947065,108.8547508,banana
119,90,48,28.66725136,79.59242542,5.986442306,118.2583441,banana
107,72,45,28.14938935,81.54448882,5.790768046,91.40508414,banana
116,81,55,26.42313317,83.69950440000002,5.915546415,95.12322062,banana
101,75,50,26.59386409,81.40740301,6.242528277999999,109.9825551,banana
93,81,50,27.71822477,76.57853189,6.0360792660000016,102.2099836,banana
95,75,45,28.98333432,82.95958244,5.829898502000001,109.022564,banana
107,71,55,29.42017919,83.96754496,6.088064451,117.229079,banana
83,94,47,27.39872329,81.10523402,6.469370954,112.1355384,banana
102,73,54,26.4020227,84.41007614,5.720726906,111.0162259,banana
86,79,45,27.81251452,82.69285419,5.80766417,99.20961514,banana
117,86,53,25.19640218,83.55829874,5.703381727999999,115.8586081,banana
111,79,53,28.31193338,75.77363772,6.165001277999999,119.695765,banana
95,74,50,25.90113128,80.47152737,6.002481605,110.10323,banana
91,75,55,27.48612983,76.11239849,6.212369363,109.2768851,banana
93,83,46,29.38254012,83.50423735,5.765308943,109.2486647,banana
92,85,51,29.22118628,81.08183635,5.740764682000001,108.8616474,banana
104,80,54,27.09062164,81.33506906,5.879119455,110.1331182,banana
103,72,51,26.12643374,81.81365007,6.099478745,104.4812858,banana
92,75,45,29.01207743,77.95192527,5.6744033589999985,90.43495443,banana
93,85,49,27.96799119,79.28625709,5.694243847,119.4765557,banana
120,87,52,28.0764455,76.05522115,5.905494703,118.99235729999998,banana
108,72,46,25.16278237,84.97849241,6.110844721,90.94554618,banana
105,88,54,25.78749808,84.51194224,6.020445317,114.2005455,banana
98,79,50,25.34119774,84.47321314,6.435917308,91.06493353,banana
111,88,55,29.44795403,78.34971537,5.505393832999999,96.45042585,banana
97,74,45,26.47522633,78.51833782,5.677719902000001,113.1161095,banana
95,82,48,27.39489579,83.31172003,5.719014989,92.78133617,banana
89,91,55,25.08347445,80.26173100000003,6.275572297999999,94.32961456,banana
89,85,55,26.671983500000003,76.48541655,6.275384607,91.73358569,banana
118,88,51,25.44926208,79.49221962,6.201911642000001,100.6619171,banana
101,92,45,28.22776705,80.64303840000002,5.758054257,98.00403016,banana
99,92,47,28.127950899999995,77.48247073,6.3239336470000005,103.5045395,banana
82,77,46,28.9470467,82.1888998,5.901100841,95.83016448,banana
90,86,55,27.96236771,84.15403614,5.644486582000001,97.55986676,banana
95,88,52,28.00316034,78.90085998,6.235461772000001,94.68180316,banana
104,73,46,29.1400919,80.1190228,6.28236237,90.45142867,banana
102,73,52,27.9122104,83.36307683,6.356090905,90.24211529,banana
100,74,52,25.43480512,81.53977797,5.837258235,96.47800391,banana
94,89,48,28.55980972,84.51602322,5.653437902,111.0843029,banana
99,70,46,26.59580783,82.99556744,5.727469947,100.5123341,banana
112,87,48,27.19711623,77.39706290000002,6.200111067999999,99.46950465,banana
117,82,45,25.29391516,79.29122198,5.614471478,105.4220251,banana
96,86,51,29.90888522,76.98740841,6.257369799,91.99964712,banana
113,85,45,27.94972463,76.63713353,6.037430836,109.0921631,banana
105,93,46,25.01018457,78.76260938,5.760457558,108.3690513,banana
85,89,51,29.21144871,84.70189923,6.1581644220000005,108.5501443,banana
108,94,47,27.35911627,84.54625006,6.387431382999999,90.81250457,banana
92,81,52,28.0106804,76.52808057,5.891413895,103.7040783,banana
110,71,54,28.67208915,82.20793613,5.725418961,94.37987496,banana
82,75,55,27.34585147,78.48738349999998,6.281069505,92.15524332,banana
117,81,53,29.50704598,78.20585613,5.507641777999999,98.12565829,banana
2,40,27,29.73770045,47.54885174,5.954626604,90.09586854,mango
39,24,31,33.55695561,53.72979826,4.757114897,98.67527561,mango
21,26,27,27.00315545,47.67525434,5.6995869720000005,95.85118326,mango
25,22,25,33.56150184,45.53556603,5.977413802999999,95.70525913,mango
0,21,32,35.89855625,54.25964196,6.430139436,92.19721736,mango
20,19,35,34.17719782,50.62161586,6.113935087000001,98.00687989,mango
19,21,34,30.01592643,53.19212381,5.074272692,97.72843182,mango
18,17,31,31.74592134,45.16127859,5.667507706,93.75441586,mango
11,36,33,35.99009679,52.22780489,5.978634285,95.3713484,mango
30,28,30,31.86641378,52.19331595,5.064613314,98.46768642,mango
18,19,27,27.75518664,52.34605806,4.772385986000001,94.11213345,mango
23,23,27,34.72413192,51.4271781,5.161148592,97.31258083,mango
37,30,34,27.53907547,53.63549533,6.797779227,99.35408185,mango
11,27,30,27.69637763,48.56224879999999,6.39474303,89.85646496,mango
12,19,31,27.25373364,52.66319725,5.566704378,91.87312479,mango
3,28,33,30.33723921,48.88704844,5.755049971,94.42850522,mango
37,38,32,31.85744939,45.53106268,5.417340525,91.55845821,mango
26,37,30,35.39986338,49.45962621,6.1661738339999985,97.41054011,mango
14,18,30,29.80747243,52.13797867,5.191265116,95.74606104,mango
40,16,35,34.16438906,54.16482251,4.954739564,98.33351125,mango
4,20,25,28.93270187,47.94053996,5.664587011,99.9834242,mango
36,25,33,27.98392787,53.33018851,5.548584852,99.61465679,mango
30,17,31,31.20478173,54.49960506,6.804437106,94.62954663,mango
28,37,28,32.13409675,50.52559148,6.097869767000001,98.63333684,mango
38,15,30,28.91862016,48.13974548,5.075504537,97.01331604,mango
12,37,30,31.09779147,47.41196659,4.546466109,90.28624348,mango
38,19,31,34.73823882,49.08864345,5.855119267999999,90.65022183,mango
8,33,29,29.98080499,49.48613279,6.442393461,91.82271568,mango
15,27,28,33.80398664,46.12866113,4.507523551,90.82549241,mango
34,16,25,30.07202564,50.96040505,6.10729559,92.09609766,mango
11,36,31,27.92063282,51.77965917,6.47544932,100.2585673,mango
33,29,34,31.40948821,49.21729127,6.8329795089999985,92.99739415,mango
12,31,26,35.7877738,51.94190321,5.395275719,100.2160615,mango
12,34,28,33.36140093,45.02236377,6.13526938,98.81596545,mango
5,16,31,35.96054636,48.69677802,4.555688532,98.00644238,mango
1,30,29,28.33333307,51.39586505,6.4341977560000005,91.67241761,mango
16,35,31,32.27652024,50.19368841,5.316875978000001,95.99487068,mango
35,18,26,31.99490489,50.84881347,5.279388967,97.38741498,mango
4,40,26,27.58258929,48.56916221,6.720041791,95.8445641,mango
9,29,34,29.38471637,45.88744691,5.72742254,100.8124659,mango
2,38,33,32.38697531,53.2328243,4.691396195,90.21633216,mango
26,32,32,30.91471455,49.92963856,6.810186079,90.14047759,mango
34,38,31,35.37775595,45.58110023,6.454045329,97.41586402,mango
5,32,33,32.32362177,52.58967710000001,5.842763773,93.36718816,mango
31,29,26,28.22373428,47.40519056,5.024124683999999,97.76832322,mango
34,34,35,27.27433181,47.16808054,6.422710539,95.257992,mango
36,19,32,27.10710832,50.70880979,4.94295037,92.37238878,mango
7,17,26,34.89226666,48.75613373,6.414526606,91.63074547,mango
38,15,27,33.7462686,48.50387598,6.777788126,92.26439205,mango
5,19,25,27.351105600000004,54.43945147,6.441328044,96.27792547,mango
37,36,26,32.89300162,52.61323969,4.650536197,94.49161372,mango
21,31,32,35.38598705,51.42664176,5.254532213,90.29643888,mango
37,36,27,27.552973600000005,47.90859131,5.910634533,90.40332704,mango
23,23,30,32.82141065,47.45553843,4.755273631000001,90.89173106,mango
36,26,26,30.17294105,51.0845903,6.814630246,95.23444287,mango
24,33,35,29.26382931,54.82257868,5.342866119,100.7586226,mango
26,18,30,32.06097197,51.08494181,6.3362346239999985,96.59816497,mango
22,17,26,28.69818144,47.71875722,4.754435025,99.642454,mango
11,34,32,29.14305008,49.40983294,6.831706773,97.55155537,mango
29,35,28,28.347161100000005,53.53903102,6.9674177660000005,90.40260445,mango
22,28,26,27.67256197,45.41692012,4.947683034,92.84991507,mango
23,24,32,28.1218093,46.16888595,5.630619901,93.30247448,mango
1,35,34,30.79375683,46.69536813,6.27339822,92.21318555,mango
2,24,34,28.89409382,54.80750249,6.472774648,94.76322976,mango
39,37,25,33.33024826,45.61143594,6.953246506,98.28583013,mango
15,36,27,27.78912455,53.96886679,5.6437102160000014,91.01152997,mango
3,18,31,31.65333432,48.20662669,6.392313972999999,91.09745581,mango
8,38,32,29.75150773,46.73723302,4.981816523,91.405983,mango
33,31,34,31.32995611,50.22287593,5.421265282999999,89.78216168,mango
14,29,32,35.63627319,48.97047762,6.942520105,97.51952041,mango
18,20,26,31.66524687,51.98594645,5.435840509,89.98024312,mango
9,21,32,32.26935342,53.56092806,5.870116071,95.94035356,mango
20,30,27,27.81005614,51.59445462,4.74910393,95.89898581,mango
9,38,25,34.58561471,50.34035336,5.497946899,100.3060719,mango
26,24,34,31.27180992,52.23810152,6.811291098,89.74409017,mango
31,36,29,33.93679864,52.72170281,6.460542749,97.4611918,mango
14,18,35,31.09154239,47.02058367,4.791146778,91.46664318,mango
40,16,35,31.89356292,49.02450149,6.4841522000000005,89.59371481,mango
28,27,34,32.45465292,50.69693751,6.526654345,95.04871605,mango
0,17,30,35.47478322,47.97230503,6.279133738,97.79072474,mango
1,29,29,27.32961444,49.30347234,6.052026047000001,93.53197359,mango
2,36,31,30.90225239,49.95955487,5.73171945,91.77522598,mango
12,27,26,29.09382275,45.5661059,5.32307197,96.23520043,mango
7,28,35,30.02086169,46.78393776,4.66910839,96.63721027,mango
0,36,26,34.13072188,51.25786185,5.101206389,96.38808001,mango
26,35,31,33.44619894,53.05980465,5.339556562,98.05089394,mango
27,21,30,35.3915464,52.48823147,5.061081874,91.22881052,mango
22,38,31,31.53356352,53.06009323,5.8211060360000015,98.57025046,mango
22,18,31,30.764551500000003,47.93791463,5.956027059,90.38503469,mango
28,23,28,30.01821337,50.09831810000001,5.676032581,96.08745082,mango
7,31,27,31.32863689,47.59319575,6.524114355,94.67344737,mango
29,34,26,33.88004781,54.39416048,6.2739536760000005,89.29147581,mango
8,37,33,28.07802689,54.9640534,6.128167757000001,97.45373619,mango
39,16,27,35.53845018,52.94641947,4.934964765,91.54560427,mango
40,24,25,28.70595247,50.44030129,5.445008416,95.8946444,mango
19,38,26,31.48451729,48.77926304,4.525722333,93.17221967,mango
21,21,30,27.69819273,51.41593238,5.403908327999999,100.7720705,mango
22,18,33,30.41235793,52.48100602,6.621623545,93.92375879,mango
31,20,30,32.17752026,54.01352682,6.207495815,91.88766069,mango
18,26,31,32.611261400000004,47.74916499,5.418475257000001,91.10190759,mango
24,130,195,29.99677232,81.54156612,6.112305667,67.12534492,grapes
13,144,204,30.7280404,82.42614055,6.092241627000001,68.38135469,grapes
22,123,205,32.44577836,83.88504863,5.896343436,68.73932528,grapes
36,125,196,37.46566825,80.65968681,6.15526103,66.83872293,grapes
24,131,196,22.03296178,83.74372787,5.732453638,65.34440794,grapes
2,123,198,39.64851881,82.21079946,6.253034534,70.39906054,grapes
35,140,197,16.77557314,82.75241875,6.106190557000001,66.76285469,grapes
11,122,195,12.14190714,83.56812483,5.647202395,69.63122027,grapes
6,123,203,12.7567962,81.62497448,6.130310493,66.77844567,grapes
17,134,204,39.04071989,80.18393287,6.499604931,73.88467027,grapes
25,130,197,39.70772192,82.68593454,5.554831977,74.91506217,grapes
27,145,205,9.467960445,82.29335466,5.800242694,66.02765219,grapes
9,122,201,29.58748357,80.91934392,5.570290539,68.06417307,grapes
16,139,203,17.82803682,80.96093443,6.27564088,65.84748763,grapes
32,141,204,8.825674745,82.89753705,5.536645599,67.235765,grapes
22,138,195,27.83487131,83.51444973,6.208196881,73.02882766,grapes
31,144,202,11.02105378,80.55557235,5.870600622,68.23963161,grapes
3,136,205,17.5862944,80.84806564,6.334771461,71.40654520000002,grapes
28,122,197,19.89363946,82.73366439,5.856575335,69.66256816,grapes
4,136,204,29.93707596,81.77713468,5.898944282,65.52279323,grapes
39,145,201,36.73126647,80.58931938,5.775600435,72.24230804,grapes
38,132,197,20.42094753,81.54185044,5.931101816,66.93065667,grapes
36,133,198,25.51939719,83.98351748,6.2286454,69.17281221,grapes
25,121,201,30.50734778,82.71775569,5.594240602999999,70.08200379,grapes
15,125,199,18.426993600000007,80.55625868,5.569230319,69.75734306,grapes
24,140,205,12.087022,83.59398734,5.93202852,68.66813363,grapes
13,132,203,23.60115364,82.48336987,6.423216506,73.23901752,grapes
5,126,197,12.80000387,81.20876367,6.417500829,67.10439401,grapes
30,120,200,38.06099482,82.24729637,6.234904253,65.70148216,grapes
23,142,197,39.06555518,82.03812973,6.000573725,69.30772897,grapes
26,135,203,33.78372897,81.16314317,5.6851027689999984,74.53557341,grapes
7,126,203,16.76201707,82.00335557,5.662140095,73.28712806,grapes
32,139,198,35.89307536,82.66850729,6.358186848,66.53946559,grapes
9,141,202,21.01245395,81.17931863,6.119495295,66.38448261,grapes
20,142,196,10.89875873,80.01639435,6.207600782999999,68.69420397,grapes
32,129,201,16.36251869,83.00471609,6.48754639,71.55665483,grapes
3,134,199,20.28370163,81.32235739,5.81717753,71.06611222,grapes
38,138,204,25.11108456,83.25447587,6.325480034,73.01026829,grapes
14,131,198,33.4641162,83.86742974,5.562790949,67.92204319,grapes
20,122,204,11.7976469,80.86325389,6.487369687,65.06962486,grapes
40,126,201,11.36300891,80.03100049,6.116982944,71.18289431,grapes
36,128,204,25.23542319,80.68700527,5.695792761,67.03840888,grapes
11,132,197,15.99050693,81.23966573,5.7343170070000005,74.40198861,grapes
0,137,195,22.4359017,80.18612085,6.329499832000001,65.3973168,grapes
19,123,200,34.76086052,81.03544763,6.167013532,65.70430027,grapes
31,136,197,31.11047251,83.34010951,5.653776057999999,71.43001582,grapes
4,134,200,28.57828803,80.95628959,5.840256272,73.34232097,grapes
39,139,201,41.18664903,81.01783402,5.5399808120000005,68.68895899,grapes
8,127,196,27.02766138,83.17093908,5.833302165,70.95666003,grapes
39,138,203,21.19339319,82.33098331,6.399433771,74.62834921,grapes
32,120,204,10.38004759,83.44518113,6.138958698,67.39173790000001,grapes
12,142,203,31.3115978,82.56407013,5.972850837999999,65.01095312,grapes
8,133,195,20.46657776,80.97598029,6.456079585,71.29813872,grapes
8,139,199,29.36947679,81.53996362,6.3364266670000005,66.13442813,grapes
21,134,202,10.72302459,80.02130636,6.425419926,65.29821120000001,grapes
40,140,195,14.97846952,80.49979873,6.2943956760000015,71.63437433,grapes
39,127,202,15.3246651,81.67215994,6.477768039,71.60102999,grapes
19,120,195,18.73932187,81.12109244,5.931538447,73.55807954,grapes
21,139,201,19.3642553,83.36094029,5.980598579,67.15094741,grapes
17,136,195,41.20733624,81.61051026,6.389783283,65.90227462,grapes
33,139,203,33.34214482,82.51034633,5.693287415,70.68098614,grapes
22,133,201,23.81995682,80.12211649,6.00299607,67.27398640000001,grapes
32,130,196,40.66012294,81.24995984,6.372959542,74.03030056,grapes
37,135,205,11.82768186,80.2827185,5.5109248489999985,74.10225057,grapes
15,140,195,13.28504331,83.54193816,5.69945282,65.80006004,grapes
39,132,196,35.83089092,83.32560104,5.778594403,73.67984885,grapes
40,121,199,26.18159716,81.03886263,6.315586313,66.05911698,grapes
40,132,202,24.57558351,80.70695797,5.9718130060000005,69.706113,grapes
29,142,203,29.67229086,83.71498986,5.891195653,66.48490371,grapes
32,121,199,39.37102553,81.25353895,6.129812716,74.08101744,grapes
6,140,205,17.66558428,82.92903419,6.313085601,69.8671263,grapes
8,120,196,24.06679352,82.66396666,6.053662544,69.81855775,grapes
34,133,202,15.31413469,80.09711412,5.804799142,74.82144653,grapes
35,135,199,21.77466746,80.54942557,6.400719746,69.39630398,grapes
16,145,199,26.91624843,80.76838926,5.953966361,69.30927185,grapes
8,136,201,41.65602996,82.22118237,5.6092559920000005,74.19664838,grapes
25,129,195,17.98667801,81.17712085,5.777271492000001,72.37127689,grapes
16,130,201,29.12033769,82.79092939,5.682395429,68.8503047,grapes
39,129,203,34.38922481,83.18392806,5.863996687,71.03001556,grapes
38,135,203,41.36106301,82.79782954,6.444373116,69.92107482,grapes
33,120,205,35.12158265,82.26890793,5.550832177999999,69.71518491,grapes
35,125,204,19.6491772,80.15215777,6.107741787999999,73.69529586,grapes
1,132,200,16.27852801,82.94270065,5.620745638,66.57462809,grapes
39,140,203,21.11903604,80.63399198,6.349875906,69.27779761,grapes
28,145,202,19.2077707,82.90428409999998,6.484323189,66.83113717,grapes
6,128,200,25.96308415,82.57813624,5.838748311,70.31782647,grapes
6,139,199,25.67385024,81.6212135,6.29099842,74.10919422,grapes
29,122,196,41.94865736,81.15595212,5.638328481,73.06862952,grapes
37,144,197,11.18994268,80.8084305,6.415555956,66.34234944,grapes
38,120,197,17.5438296,82.94703302,6.323722572,73.77063744,grapes
38,141,198,13.05809741,80.28297993,5.757009965,70.75633584,grapes
14,121,203,9.724457611,83.74765639,6.1586894060000015,74.46411148,grapes
6,125,204,27.92004934,82.93262435,5.7335398070000005,69.92092839,grapes
32,138,197,9.535585543,80.73112694,5.908724337000001,69.44115171,grapes
11,124,204,13.42988625,80.06633966,6.361141107000001,71.40043037,grapes
23,138,200,9.851242629,80.22631717,5.96537863,68.42802444,grapes
40,143,201,24.97256132,82.72828653,6.476757723,66.70016285,grapes
6,142,202,27.23708304,82.94573346,6.224542938,70.42508897,grapes
37,124,195,18.70679077,83.4795292,6.209928251,66.5964488,grapes
35,134,204,9.949929082,82.55138983,5.841138354,66.00817551,grapes
119,25,51,26.47330219,80.92254421,6.283818329,53.65742581,watermelon
119,19,55,25.18780042,83.44621709,6.818261382999999,46.87420883,watermelon
105,30,50,25.29954705,81.77527562,6.37620108,57.04147057,watermelon
114,8,50,24.74631269,88.30866319,6.581587932000001,57.95826144,watermelon
93,22,52,26.58740671,81.32563243,6.932739726,41.87540028,watermelon
80,26,55,24.53442564,88.989272,6.140099215,49.11618732,watermelon
85,27,45,26.0713757,88.7285657,6.467095849,57.79652846,watermelon
85,22,53,25.96534238,89.77076659,6.849471704,59.46338556,watermelon
82,22,45,26.22338015,85.34866045,6.512196212,54.60159289,watermelon
118,13,54,24.41311871,89.81574032,6.039584629,44.07843475,watermelon
83,25,53,26.49195283,80.04678201,6.057697106,57.72799157,watermelon
86,15,47,24.04355803,84.18406764,6.423898762,53.78929956,watermelon
101,10,47,25.5421695,83.31883376,6.936997681,57.57343233,watermelon
119,9,50,26.74550678,83.9195902,6.251286661,40.794305,watermelon
104,17,46,25.7131428,80.22972777,6.190015912000001,43.08961827,watermelon
95,12,51,25.76484262,84.17269959999999,6.681606702000001,44.22066914,watermelon
102,14,52,26.79489868,89.64815231,6.51075991,57.74091817,watermelon
109,21,55,24.9004602,89.73524177,6.770278088,57.44942094,watermelon
81,18,50,26.80750629,88.22874955,6.429788072999999,58.79889057,watermelon
103,17,51,25.11189154,80.02621335,6.209888345,44.20656987,watermelon
105,14,50,26.2148837,87.68839820000002,6.419052193,59.65590798,watermelon
97,8,52,24.9103226,86.97190046,6.237861736,49.48575692,watermelon
120,19,49,25.79448878,84.26830701,6.762471628999998,56.45229202,watermelon
95,16,55,25.26931156,87.55055105,6.612847999,40.12650421,watermelon
83,29,52,25.76402693,87.5931128,6.704688865,46.05122728,watermelon
83,9,45,25.85483596,89.13163965,6.049609892,46.85176955,watermelon
91,21,50,24.33528185,81.44030363,6.762030215,48.32113628,watermelon
116,5,54,25.37601283,80.99313508,6.65398725,57.23028471,watermelon
112,28,54,24.86094646,85.05318563,6.738030547,55.29563514,watermelon
88,29,51,24.71885473,88.94568335,6.095689937,48.45978627,watermelon
118,15,45,24.21495706,84.20576992,6.538006356,48.01138482,watermelon
92,21,48,25.81692236,82.043255,6.377427122,54.82963379,watermelon
106,14,45,24.47018505,84.16390229,6.417011754,57.26773002,watermelon
99,5,47,24.13078816,84.84494575,6.649086972,51.19470197,watermelon
98,8,51,26.1793464,86.52258079,6.25933595,49.43050977,watermelon
108,22,46,26.17668721,86.72952049999998,6.121168559,53.33484977,watermelon
119,7,55,26.03867719,84.6378378,6.031424482,44.3993381,watermelon
117,27,48,26.53259325,82.39053979,6.8352681839999985,54.30660782,watermelon
109,10,53,26.81938687,87.8274604,6.5517503060000015,46.06193778,watermelon
80,16,46,25.50405534,81.40297428,6.940236218,48.47833278,watermelon
100,18,52,26.20234499,80.38266489,6.87606733,56.47941847,watermelon
91,7,53,25.13735887,89.28272716,6.457216535,43.52897517,watermelon
86,6,53,25.92030221,83.47202566,6.921847887999999,42.10681516,watermelon
107,5,52,26.6634609,89.98405233,6.8814257460000015,57.40847165,watermelon
103,16,49,24.06731461,81.64075303,6.915717008,51.75212401,watermelon
101,20,48,24.6774157,82.75411437,6.2062474939999985,57.05709413,watermelon
85,25,47,26.11440416,87.64081095,6.29542477,58.48160844,watermelon
84,7,51,26.81530456,87.65694462,6.399669044,55.74073582,watermelon
102,28,54,25.15623099,80.27525115,6.862157042000001,55.49541453,watermelon
98,25,52,25.2801372,83.15393658,6.224066378,49.29456609,watermelon
97,25,50,26.22005978,80.90127035,6.093814669,49.08553937,watermelon
90,16,45,24.92093261,80.61750795,6.291540277999999,50.55710813,watermelon
95,12,46,26.21667586,81.01009354,6.32281728,54.65423596,watermelon
82,23,49,26.81383586,87.21986949,6.873283991,51.70497792,watermelon
82,25,51,24.31334971,87.47409052,6.074209622000001,48.11248366,watermelon
110,28,46,24.29105004,88.04541346,6.49889585,51.26046418,watermelon
118,21,51,24.42998931,86.33904774,6.678805092,48.58241822,watermelon
120,20,45,25.66576039,88.6984228,6.114128685,54.22722466,watermelon
91,7,52,25.07803672,83.46230461,6.405054243,56.39962921,watermelon
81,6,55,24.88910524,85.87059083,6.110142735,51.70699144,watermelon
101,13,54,25.42900869,82.91481799,6.828982708,56.34144589,watermelon
101,17,55,24.37118217,87.1269128,6.4514997639999985,44.63907691,watermelon
111,6,53,26.493064500000006,88.59143088,6.3135129989999985,46.06382209,watermelon
107,10,49,25.83202912,89.00481725,6.755192025,45.24690619,watermelon
115,11,46,24.41592661,89.39655519,6.623167177000001,40.32161859,watermelon
84,25,52,24.37190239,81.2514818,6.12532356,44.20899581,watermelon
120,7,47,24.24782473,83.03687902,6.653867608,54.76576239999999,watermelon
91,12,46,24.64458469,85.49938185,6.343942518,48.31219031,watermelon
89,22,52,24.89681131,86.10782926,6.217300786,53.14626213,watermelon
113,19,46,25.41864024,81.12122989,6.286387658,49.52320689,watermelon
97,22,50,26.26028739,86.14585891,6.769893799999998,58.97878791,watermelon
117,30,50,24.90123934,87.20772913,6.744966312000001,46.59207341,watermelon
90,14,52,24.84740848,89.20454622,6.391858432,59.67927244,watermelon
104,23,47,26.98212846,86.70068316,6.770434148,42.91292205,watermelon
81,16,45,26.90435747,86.25426228,6.727468157000001,59.75980023,watermelon
88,5,47,25.86475496,86.67468041,6.662244646,41.16554802,watermelon
92,7,45,26.70607759,81.14149505,6.944640222,51.51033554,watermelon
81,18,50,26.44019475,80.91934337,6.507110986,47.81847573,watermelon
111,5,55,26.283443,84.42478917,6.520663422,50.78669728,watermelon
108,23,51,26.84366082,83.85039964,6.106500787000001,40.228644,watermelon
113,30,50,26.03967219,83.9862443,6.277484042999999,43.87712348,watermelon
83,10,53,24.92994759,85.00802358,6.195142279,48.75859458,watermelon
101,11,51,25.50736962,84.24340241,6.792035575,44.2068997,watermelon
114,21,55,25.4438391,87.93923120000002,6.472756256,57.51549686,watermelon
99,6,45,26.12588914,86.5507939,6.000975617000001,40.71210074,watermelon
92,20,55,25.10474753,87.52676159999999,6.5877912620000005,59.26519444,watermelon
92,7,48,26.27520631,86.63249555,6.956508826,54.38748495,watermelon
91,24,55,26.27061608,83.09194521,6.259086582999999,46.76837499,watermelon
110,21,54,26.73690828,87.82430156,6.747537642,47.46447019,watermelon
112,25,51,25.04746944,85.5667282,6.932537231,56.72496677,watermelon
89,25,54,24.69368934,85.56967628,6.353107392999999,48.99390828,watermelon
100,10,53,24.54356968,84.60808277,6.211748957,42.00660251,watermelon
83,22,54,25.89762315,81.96664832,6.2772452539999986,54.49960057,watermelon
95,14,50,26.6333118,84.31756844,6.560443519,56.31866159,watermelon
119,30,49,25.35794749,80.45846265,6.903020221,47.72078245,watermelon
97,12,47,25.28784623,89.63667876,6.765094963999998,58.28697664,watermelon
110,7,45,26.63838589,84.69546874,6.189213927000001,48.32428609,watermelon
96,18,50,25.3310446,84.30533791,6.904241707000001,41.53218699,watermelon
83,23,55,26.89750174,83.89241484,6.463271076,43.97193745,watermelon
120,24,47,26.98603693,89.4138489,6.260838965,58.54876687,watermelon
115,17,55,27.57826922,94.11878202,6.776533055,28.08253201,muskmelon
114,27,48,27.82054812,93.03555162,6.528404377999999,26.32405487,muskmelon
101,25,52,29.09910406,94.22237826,6.750145572,22.52497327,muskmelon
118,18,52,28.04943594,90.83130708,6.562832807,20.76223014,muskmelon
95,26,45,29.91690582,94.55695552,6.117530021,28.16057247,muskmelon
81,25,49,29.86895762,93.25103208,6.076459669,26.26243014,muskmelon
117,24,53,29.17220859,92.21405224,6.293486295,21.30290472,muskmelon
114,30,51,29.24908541,90.06998135,6.069171847000001,25.93496537,muskmelon
113,6,52,27.76317235,90.35567642,6.740983646,25.21609113,muskmelon
108,26,52,28.82629037,94.26765349,6.201797639,26.23838511,muskmelon
81,30,48,28.52379742,92.09688432,6.041027474,29.86681385,muskmelon
115,9,52,29.06785065,90.97685539,6.019372459,29.1194739,muskmelon
83,7,45,29.08417927,90.73891887,6.704104127000001,25.33014238,muskmelon
84,21,55,28.47090661,94.79453182,6.494251024,21.08484101,muskmelon
109,26,45,28.27973674,90.38971208,6.224535448999998,21.58992507,muskmelon
95,27,55,28.47212559,91.21322065,6.160414414,20.88620369,muskmelon
119,5,55,29.68846716,94.30111601,6.168757984,26.83924845,muskmelon
110,14,51,27.02415146,91.66737633,6.085444691,21.26034986,muskmelon
82,18,48,29.09588297,94.16748386,6.1590508160000015,26.70581328,muskmelon
87,14,48,29.69238699,92.58862544,6.606033244,29.1102594,muskmelon
85,9,53,28.20619412,92.86798698,6.447662945,28.78654515,muskmelon
100,6,53,29.05248036,93.92217834,6.105909623,23.66620626,muskmelon
107,12,46,29.57240298,93.61870344,6.559763394,27.56918621,muskmelon
91,13,47,29.10968327,92.43510994,6.14410903,27.95602304,muskmelon
102,25,50,28.20480805,92.91440379,6.099662369,20.36001144,muskmelon
117,25,53,29.11858526,92.12543021,6.413927319,24.52020164,muskmelon
85,21,52,29.62800691,90.10051615,6.0751441160000015,23.69586761,muskmelon
104,25,55,29.81196601,90.36881284,6.123802502,22.68766503,muskmelon
102,24,54,27.72338349,90.93897939,6.698468621,22.81863447,muskmelon
116,25,50,29.26092798,92.92367701,6.088885814,28.70627683,muskmelon
100,17,48,29.72791119,94.29753295,6.367800632000001,26.52364146,muskmelon
110,25,54,28.91105641,90.78413842,6.425930938,23.44398467,muskmelon
104,25,51,28.96361426,93.88482153,6.469983276000002,23.56130173,muskmelon
107,11,54,28.59052369,91.33617236,6.094016337999999,29.44008034,muskmelon
98,26,52,27.33897716,90.69759008,6.1500908989999985,28.69113835,muskmelon
88,17,52,29.90415889,90.75284363,6.646962425,25.37828397,muskmelon
87,25,46,27.42711692,90.02696201,6.379690748,21.7508774,muskmelon
120,8,46,29.55657523,90.70937262,6.732834334,28.36535596,muskmelon
95,13,46,29.84070774,93.76312893,6.126019932,23.28207838,muskmelon
108,22,47,28.53545677,91.72742702,6.161123579,25.1290048,muskmelon
82,13,52,27.11535046,94.86907886,6.442810053,26.51924782,muskmelon
120,23,55,27.84492803,91.60666594,6.732049075,26.47844429,muskmelon
110,22,47,29.03157242,91.82172592,6.243673725,24.93861254,muskmelon
95,23,45,27.82424457,90.56698742,6.266208727,21.19014526,muskmelon
106,10,49,27.72653142,92.00687531,6.350623739,20.21126747,muskmelon
99,12,52,28.69708334,94.30759855,6.002927293,22.21807088,muskmelon
106,20,51,29.73019662,90.97015715,6.342573112,20.49035619,muskmelon
83,11,53,29.54097171,92.91778307,6.163921247999999,21.9653077,muskmelon
117,19,55,28.80311922,91.78336933,6.121745389,25.16359891,muskmelon
98,26,49,27.29035669,90.53330091,6.130160472999999,23.49535234,muskmelon
113,20,48,27.46583649,94.87679041,6.440584681,27.27899847,muskmelon
101,17,47,29.49401389,94.72981338,6.185053234,26.30820876,muskmelon
98,7,45,27.79161808,92.51054946,6.157724816,26.85422624,muskmelon
93,22,48,29.12533739,91.52291141,6.776987974,21.90440445,muskmelon
95,21,47,27.93114233,93.56161439,6.431970877,20.66127836,muskmelon
109,12,48,29.45771748,92.12534736,6.708743843,20.76212031,muskmelon
118,12,47,27.96872279,92.17444796,6.010739645,28.94766949,muskmelon
100,14,49,29.48882958,91.07574233,6.365956657999999,26.01909355,muskmelon
89,9,47,29.47156259,90.77069618,6.6683827660000015,28.75226067,muskmelon
95,16,46,27.076726500000003,90.14362622,6.74669542,24.4514648,muskmelon
95,7,45,27.30008597,90.80015308,6.031665834,25.09484511,muskmelon
87,6,45,29.82729394,90.79007335,6.40077205,22.84203589,muskmelon
93,20,50,29.93061247,93.22980899,6.4487926889999985,24.34814338,muskmelon
84,29,49,29.94349168,93.90741192,6.251420275,20.39020503,muskmelon
111,5,47,28.03306461,91.47355778,6.2744528110000015,21.17924769,muskmelon
111,5,52,29.8843055,94.0371147,6.135996372,21.0000988,muskmelon
111,15,54,27.7058373,92.91185695,6.194090172,22.06207161,muskmelon
89,11,47,29.78714005,94.65343534,6.327822962000001,27.8659442,muskmelon
110,15,48,28.57819995,92.86597437,6.2125672110000005,27.598717800000006,muskmelon
95,30,52,29.48069921,90.33698678,6.640470862999999,26.0365768,muskmelon
115,12,52,27.51492243,94.96218673,6.685553129,21.01796432,muskmelon
120,25,50,28.05457761,94.81637388,6.327210469,21.84869328,muskmelon
102,11,45,29.03167341,93.12603235,6.35544263,24.15591199,muskmelon
94,5,55,28.5854649,91.89216849,6.0856823439999985,26.88372572,muskmelon
84,18,46,27.08808014,93.42402083,6.781050372999999,25.32159689,muskmelon
107,22,54,27.99611732,90.84660317,6.630301421,21.61893763,muskmelon
80,18,52,27.87317436,91.14849627,6.484799661,24.05207925,muskmelon
86,18,45,28.96586565,90.71832938,6.566759102000001,22.25838137,muskmelon
113,28,48,28.87726019,92.48839665,6.170520517999999,24.44267592,muskmelon
115,18,53,29.17052093,94.19790371,6.0124803510000016,22.06994464,muskmelon
82,20,54,29.34033587,90.01506395,6.541150335,21.44532907,muskmelon
98,22,47,29.07265321,91.91533173,6.341400922,28.83568362,muskmelon
117,25,54,28.68275966,92.50969311,6.1506863639999985,29.11187663,muskmelon
83,15,49,28.92705913,91.39356832,6.438008152999999,23.20076686,muskmelon
120,16,51,27.99901833,91.64193051,6.547041902999999,23.28618248,muskmelon
111,5,50,27.59350075,91.79742953,6.399891457000001,24.84266123,muskmelon
85,21,47,29.87331077,90.60932469,6.186770318,24.69720481,muskmelon
90,23,54,28.55852465,90.45773041,6.159020864,27.26588346,muskmelon
99,29,55,29.19378695,91.46241065,6.660954816,26.48240255,muskmelon
102,11,47,27.98780984,92.78226196,6.5049069789999985,27.14509034,muskmelon
80,18,51,28.05380704,91.81758779,6.706053225,20.76582087,muskmelon
87,21,52,27.350629600000005,94.29119509999998,6.067665497999999,27.21244021,muskmelon
114,8,52,29.34081108,94.5513539,6.419083092,28.22908103,muskmelon
99,6,46,28.61475136,94.22253035,6.39637861,28.98574189,muskmelon
89,25,50,27.04863538,91.34685096,6.375923383,25.08146686,muskmelon
96,13,55,29.5275305,94.57459443,6.700337732,21.13545688,muskmelon
82,26,47,28.50416396,93.46806467,6.565312652999999,24.20007242,muskmelon
106,21,52,28.89578588,94.78993038,6.286515359,23.0362503,muskmelon
90,15,52,27.04927452,91.3821731,6.448061578,23.65747461,muskmelon
106,16,54,28.96017885,91.69532178,6.585872508,24.7458198,muskmelon
24,128,196,22.75088787,90.69489172,5.521466996,110.4317855,apple
7,144,197,23.8494014,94.34814995,6.133220586,114.0512495,apple
14,128,205,22.60800988,94.58900601,6.226289556,116.0396587,apple
8,120,201,21.18667419,91.13435689,6.321152192,122.233323,apple
20,129,201,23.41044706,91.69913296,5.587905967,116.07779309999998,apple
32,137,204,22.86006627,93.12859895,5.824151692999999,117.7296726,apple
27,139,205,22.48403042,93.40819246,5.7721799460000005,105.5473627,apple
0,123,205,22.02775403,92.96129462,5.790993052,121.1349176,apple
22,144,196,21.91191314,91.68748063,6.4992268210000015,117.0761277,apple
1,124,199,23.71059131,93.27392415,5.658473817000001,112.66765890000002,apple
30,122,197,21.37784654,92.72043743,5.573241391,106.1417017,apple
29,121,196,22.84852833,94.32130209,6.079497202000001,123.5977843,apple
13,126,204,23.1094265,92.79630809,6.3831802710000005,108.183792,apple
9,139,199,23.25230817,94.54128292,5.867420996,105.3558408,apple
0,133,200,23.67287749,90.4935574,5.708418722,104.2298028,apple
30,143,199,23.76881552,90.59810302,5.7983508000000015,102.2648546,apple
36,140,198,23.34386401,91.47684705,6.28188384,104.4267991,apple
37,137,199,22.63946441,90.18451645,5.697945522,108.3405879,apple
33,121,203,22.45696744,94.76285385,5.6059340870000005,114.8407725,apple
7,144,195,22.96388477,93.58065995,5.85648105,104.64729859999998,apple
35,128,205,21.07273439,93.56585985,6.041053829,107.8737015,apple
29,128,198,22.44075021,92.70785115,5.685062404,121.4977331,apple
2,143,196,22.71271308,90.45261746,5.669489065,109.8852597,apple
34,140,198,21.70416965,93.44006288,5.751707342,115.1781396,apple
29,144,204,22.43324518,92.48667725,5.800448951,119.1025189,apple
32,141,203,21.25941052,92.84416234,5.821347769,109.06584709999998,apple
13,144,197,22.9215706,94.89613443,6.28022267,105.6941544,apple
25,143,198,22.81212536,91.51861705,6.027314401,107.855225,apple
9,137,200,21.12152071,90.6878768,5.636687393,102.8017203,apple
6,144,198,21.11478672,90.31528693,5.559363609,104.5086618,apple
37,126,196,23.59997268,90.97597665,5.596449493,107.17281909999998,apple
2,120,203,23.12652652,94.71203306,5.8934929989999985,108.62118329999998,apple
11,143,197,22.98458907,93.3204487,5.875718516,122.1952483,apple
10,141,201,22.12659387,90.97818277,6.386021424,104.5412275,apple
24,142,202,22.53779727,91.48135786,5.710819862,101.8474768,apple
23,138,195,22.49095104,91.70292746,5.7959857160000015,124.3915101,apple
18,125,204,22.35548159,94.47811755,6.046673619,116.7366261,apple
13,121,196,22.20700989,93.50574163,6.443382913,120.1593771,apple
26,122,202,22.44516988,94.73763514,5.617227184,107.1843273,apple
28,123,202,22.76643029,92.12438519,6.442289294,120.4359949,apple
26,121,201,22.19109412,90.02575116,6.162034371,112.3126628,apple
21,137,196,23.6119202,91.70293849,5.812781806,123.5900822,apple
21,135,198,23.86087054,94.92048112,5.7650151260000015,105.0241329,apple
5,144,205,21.42177231,92.62665309,6.184922574,102.8045658,apple
2,123,205,22.36629253,90.78572467,5.739652177000001,124.9831618,apple
15,133,199,23.99686172,91.61001707,5.8247786360000005,117.6102915,apple
31,130,198,21.80129837,92.73446667,5.554823557000001,120.05866709999998,apple
25,143,200,23.80436344,92.80441624,6.024248787,100.6192543,apple
16,143,204,23.71475278,91.53331177,5.631333387000001,121.8961665,apple
19,122,202,23.34467359,90.37981478,5.811975094,112.8954016,apple
10,125,196,22.31253665,90.03577124,5.730557448,113.0688155,apple
20,139,202,23.50201428,92.21083961,5.66999105,107.9868949,apple
28,123,198,23.46260321,91.45665004,5.682751473,111.7763395,apple
28,136,200,23.06204373,92.39544055,6.245858905,114.7399101,apple
2,131,199,22.47420512,91.22759742,6.017370134,124.2179699,apple
2,140,197,22.69780133,92.82223419,5.53456749,105.0508234,apple
27,138,201,23.66682067,93.90191078,5.952367662,105.4004751,apple
30,127,204,22.50050273,92.45878335,6.126436584,100.9343903,apple
32,145,203,23.83053666,90.84422164,6.406818518,109.5966791,apple
29,139,205,23.64142354,93.74461474,6.155939452999999,116.6912176,apple
26,126,195,21.41363812,92.99124545,5.878568981,118.3979065,apple
40,136,202,22.85267372,94.57645809999998,5.935336307999999,117.53140259999998,apple
6,124,200,22.98208095,93.84505029,5.971332179,109.5852253,apple
35,138,200,21.19909519,90.80819418,5.67130617,103.6838922,apple
17,136,196,23.87192332,90.49939035,5.882155987999999,103.0548094,apple
33,134,205,21.0365275,94.33919546,6.08551916,114.7412734,apple
16,143,197,22.61711614,93.51978375,5.90402645,116.9256766,apple
27,120,200,21.45278675,90.74531921,6.1102188260000005,116.7036582,apple
29,145,205,22.81227579,92.12992101,6.212302608,109.3383552,apple
3,141,197,21.98141856,91.12719303,6.142803397000001,115.4789148,apple
15,123,204,22.52709326,92.54780429,6.365972687999999,115.3830068,apple
5,136,195,22.35628673,91.92360477,6.264202804,107.7697413,apple
10,136,204,21.19852186,92.15595143,6.276198595,105.8554351,apple
7,141,195,23.8812458,93.45067555,5.514253142,104.9116663,apple
2,129,201,22.78234161,94.36803516,5.682343744,122.1449949,apple
29,138,197,22.19055385,92.43764169,5.830892252000001,121.6622761,apple
30,137,200,22.91430043,90.70475565,5.603413172000001,118.6044645,apple
29,132,204,23.08950736,90.22507299,6.0967531,108.2166601,apple
14,139,197,21.72484506,92.83975602,6.056529526,121.6961761,apple
18,125,203,22.44307715,91.59234006,6.160267496,102.5565807,apple
33,143,204,21.1316077,91.95769858,5.814434775,122.5391946,apple
40,144,196,22.71750705,92.25479855,5.987262638,107.0289866,apple
9,143,197,23.75033085,92.88160462,5.570020684,117.6602827,apple
38,135,203,23.76121837,93.661643,5.9655513110000005,100.825956,apple
28,130,196,22.13450646,94.67695747,6.062356467000001,112.9203223,apple
35,142,203,21.17089176,90.23730166,5.895319002000001,123.6495149,apple
12,129,205,22.36238282,91.15761594,6.119432215,118.68327250000002,apple
1,135,203,22.77856513,92.70124029,5.624203283,113.7759219,apple
0,145,205,21.22503442,90.09877774,5.52078314,113.9760462,apple
31,121,201,23.15791104,90.34396882,5.731535257999999,110.712841,apple
35,131,203,22.42776057,93.91722423,5.893490899,102.7230739,apple
29,140,195,23.64082979,90.95257927,5.560521058,116.7431319,apple
33,138,198,22.29423493,90.69033986,6.222390797999999,122.7418744,apple
14,140,197,23.35225078,90.90054697,6.071255131,113.0381382,apple
35,145,195,22.03911546,94.58075845,6.231950009,110.9804014,apple
40,120,197,23.80593812,92.48879468,5.889480679,119.6335548,apple
25,132,198,22.31944084,90.85174383,5.732757516,100.1173443,apple
31,137,196,22.14464104,93.82567435,6.400321212000001,120.6310784,apple
36,144,196,23.65167552,94.50528753,6.496934492,115.3611268,apple
10,140,197,22.16939473,90.27185592,6.229498836,124.4683112,apple
22,30,12,15.78144173,92.51077745,6.3540067439999985,119.035002,orange
37,6,13,26.03097313,91.50819306,7.511755067999999,101.2847738,orange
27,13,6,13.36050601,91.35608208,7.335158382,111.2266885,orange
7,16,9,18.87957654,92.04304496,7.813916602999999,114.6659511,orange
20,7,9,29.47741671,91.57802915,7.1291369410000005,111.1727497,orange
26,27,10,28.06903173,92.91487288,6.079998496,114.1339416,orange
5,23,15,25.66901098,92.04670813,7.408939392000001,112.5424199,orange
0,18,14,29.77149434,92.00719952,7.207991261,114.41617859999998,orange
39,24,14,30.55472573,90.90343769,7.189259647,106.0711985,orange
13,23,6,23.96147583,90.26408017,7.365338111,102.6958703,orange
21,17,15,23.98289638,91.5473145,7.455991072000001,118.4901697,orange
33,12,8,25.26052689,90.31153735,6.822282114,117.36952959999998,orange
6,9,12,31.08368929,90.14362642,7.028746406000002,109.6894658,orange
19,7,10,14.78003032,91.22062116,6.118430299,100.1961762,orange
24,18,6,26.56608303,94.45239715,6.285312759,116.3796525,orange
9,11,8,24.85903405,94.39000473,6.559236744,111.78037340000002,orange
31,8,7,34.51465139,93.63812684,7.163245982,103.5684926,orange
22,17,5,24.12188673,90.72351622,6.945562889,102.835632,orange
13,5,8,23.85340379,90.10522549,7.474710503,103.923226,orange
16,8,9,24.60297538,91.28408653,7.601189842999999,111.2948115,orange
4,13,6,15.63211033,94.25966183,7.5611432239999985,101.4705704,orange
0,25,14,19.33516809,91.97978938,6.361671475,116.450422,orange
8,7,10,28.2620488,91.98317355,6.929216014,105.2132259,orange
4,23,5,22.67594476,93.36348717,7.477935216,110.3332655,orange
33,14,8,21.03200078,92.9641969,7.684420446,110.6823944,orange
30,7,15,33.23453301,91.06053924,7.825531916,115.7659902,orange
21,29,12,22.30318989,92.15987039,6.438668989,117.3688104,orange
11,14,5,11.50322938,94.8933184,6.946354724,115.56837759999998,orange
9,8,15,14.34320488,94.35734702,7.994465371,110.22231229999998,orange
5,18,14,33.105698100000005,93.48447453,7.434118807000001,119.1709113,orange
29,25,14,30.49183837,90.4582865,7.781988584,113.3302105,orange
33,12,15,30.25578031,92.03272799,6.052318465,116.7173125,orange
8,16,6,12.22816189,90.26457428,7.106650373,108.4161706,orange
15,14,8,10.01081312,90.22399223,6.22094286,119.3941064,orange
16,7,8,22.79196751,90.60901895,6.420457311,116.5084074,orange
0,12,7,20.18432263,90.65458473,6.969249676,116.8130969,orange
5,25,6,30.72119881,94.01331956,6.0113021810000005,106.8118019,orange
6,8,11,24.35590861,92.39651663,6.600948787999999,119.6946577,orange
10,5,5,21.21306973,91.35349216,7.817846496,112.9834361,orange
1,17,6,10.78689755,91.38411917,6.8198271,117.5293447,orange
1,30,10,11.89925671,91.34663797,7.291405641,103.5771468,orange
0,23,15,22.56664172,93.37488907,7.598729065,109.8585753,orange
24,27,9,18.86883219,93.24688124,6.157135092000001,119.3936976,orange
36,11,13,17.34083741,93.04897191,7.1917274,112.7194284,orange
40,21,8,34.90665289,92.87820148,7.418761774,102.1906333,orange
40,22,6,24.53610067,91.90997228,6.488221135,115.9787989,orange
32,18,13,13.8377282,91.74780462,6.044167236,107.9873218,orange
9,10,10,22.3551049,93.52211892,6.010391864,101.5164589,orange
13,16,8,34.74004942,93.12316972,6.949838549,100.1967854,orange
15,9,11,11.54785707,94.14861001,7.907956251,108.82891709999998,orange
29,11,5,23.13338811,91.94670335,7.639788459,104.4224145,orange
1,15,9,29.98364695,94.55239717,7.53350946,115.3560318,orange
18,5,11,20.87947369,90.93756231,6.251586885,102.4550786,orange
14,22,9,17.24944623,91.13772765,6.543191814,112.50905159999998,orange
33,15,7,15.83388699,91.68293851,7.651225301,109.7571416,orange
4,6,7,23.01014302,91.11764246,6.708889665,112.6738296,orange
17,16,14,16.39624284,92.18151927,6.625538653,102.944161,orange
12,20,10,24.45132792,93.10527686,6.528354932,109.4711098,orange
34,29,8,31.87859192,91.15248149,6.450640306,105.3437825,orange
39,28,10,31.34920143,91.48247612,7.181907673,109.1549823,orange
31,25,12,18.05142392,90.03969587,7.016482298,111.7793889,orange
12,6,8,30.84835031,92.86773675,6.388617138,107.4142681,orange
12,29,13,22.45616931,91.52781832,7.57125447,118.0069295,orange
26,11,11,13.70319166,90.95589386,7.609348255,106.2944879,orange
19,24,15,20.48954522,93.72485075,7.137136973,111.83919509999998,orange
39,21,9,13.20844373,94.02769434,6.354022554,106.2696156,orange
16,29,13,32.31944397,93.67804556,6.196907944,117.6236473,orange
36,29,13,20.68185224,90.91510525,7.829507245,109.7513927,orange
37,23,12,31.52675982,90.50621806,6.395258356,113.1169398,orange
39,9,15,25.35467646,91.81183218,7.992041984,116.7555937,orange
31,5,14,17.66545409,91.69865887,6.583411671,110.6857506,orange
18,12,8,12.59093977,91.81668769,6.206053072,119.39167179999998,orange
20,20,10,11.86631922,93.68394562,6.976997772000001,106.060149,orange
5,8,5,11.03367937,92.22706805,6.562594972,112.7715925,orange
20,8,12,25.2990432,94.96419851,7.260416405,117.9733424,orange
25,21,11,32.23797837,90.15406807,6.460044777999999,104.7052254,orange
14,19,14,17.68408797,94.35815354,6.699164936,108.0638166,orange
37,18,12,10.2708877,90.19147747,7.401121811,106.69552040000002,orange
26,15,6,17.22034507,94.78797376,6.912033409,108.0054343,orange
13,22,5,19.667056,90.50096668,7.764040111,100.1737964,orange
32,25,9,10.35609594,93.75652041,7.796034006,101.1456947,orange
19,7,9,27.255435,91.71369387,6.969883482999999,101.139435,orange
28,7,9,34.591784600000004,92.13229786,6.730757538,115.5650287,orange
24,30,11,32.39523995,94.51768464,6.601395755,113.25373,orange
7,17,10,10.16431299,91.22320999,6.465913274,106.362551,orange
18,23,8,21.49118657,93.43949693,6.41354791,101.4819888,orange
7,20,12,16.53460397,94.76759975,6.475275337,110.0447896,orange
20,23,11,31.852069399999994,90.12220323,6.407715561,109.9455062,orange
18,14,11,28.04799508,90.00621688,6.550814117000001,117.1311498,orange
34,11,10,31.75048899,94.59551226,7.36220835,115.1989301,orange
20,29,10,29.07412717,93.27189064,7.36549204,100.7896871,orange
37,24,13,19.14381903,90.71037456,7.8546243,108.0230792,orange
12,8,10,16.14820285,91.4448027,7.995848977,107.4287664,orange
34,10,14,34.05296914,92.05811721,6.725600855,116.8020848,orange
6,13,9,34.51423957,90.56151463,7.786725333,118.32719679999998,orange
27,30,5,32.71748548,90.54608254,7.656978112000001,113.328978,orange
13,8,12,25.16296632,92.54736032,7.105904818,114.3117197,orange
6,7,7,27.68167318,94.47316879,7.199106204,113.9995146,orange
40,17,15,21.35093384,90.9492967,7.871063004,107.0862095,orange
31,26,9,11.69894639,93.25638873,7.566165721,103.2005992,orange
61,68,50,35.21462816,91.49725058,6.7932454170000005,243.0745066,papaya
58,46,45,42.39413392,90.79028064,6.576261427,88.46607497,papaya
45,47,55,38.4191628,91.14220381,6.751452932,119.2653877,papaya
39,65,53,35.33294932,92.11508608,6.560743092999999,235.6133585,papaya
31,68,45,42.92325255,90.07600528,6.938313356,196.2408242,papaya
70,68,45,33.83508569,92.85470152,6.991626158,203.4044028,papaya
68,62,50,33.20258348,92.76437927,6.977700268,197.5282582,papaya
34,65,47,23.48546973,93.71043692,6.833768535,191.7760562,papaya
38,68,54,29.33710543,90.81781439,6.739170045,202.0572747,papaya
69,64,47,40.21199348,94.50766912,6.993473247000001,186.6762324,papaya
58,51,47,42.13473976,91.70445386,6.757470637000001,197.402901,papaya
59,47,53,32.86316618,91.4618874,6.8506632320000005,47.271547,papaya
44,64,54,29.80744318,91.38048469,6.74274935,232.7046126,papaya
56,57,48,31.56213762,93.0484859,6.506120752,63.62250788,papaya
69,60,54,36.32268069,93.06134398,6.98992719,141.1736926,papaya
56,58,49,37.13165026,94.60761797,6.69215564,172.47880619999995,papaya
49,55,53,38.4418717,93.63739039,6.544029776,77.71566883,papaya
38,51,52,32.66160599,90.78931681,6.927803911,78.85085502,papaya
54,65,47,27.92765919,91.55594211,6.721835879,149.91075569999995,papaya
57,57,51,39.01793345,91.48815629,6.99223441,105.8841531,papaya
39,52,53,32.51247398,94.65904123,6.704204398,51.07048113,papaya
58,67,45,38.72382798,91.72514851,6.702424548,62.62377075,papaya
61,64,52,43.30204933,92.83405443,6.641098708,110.562229,papaya
34,62,55,27.58548913,90.72526502,6.585346229,238.5008779,papaya
31,48,45,40.78881819,92.90951393,6.563134737,132.7923586,papaya
47,46,52,23.19451074,91.40301608,6.502289472999999,206.3999208,papaya
32,68,52,32.68067385,92.61715632,6.800321319,248.8592986,papaya
36,59,46,34.28879307,93.61082872,6.721130542999999,127.2509777,papaya
61,51,51,39.30050027,94.16193416,6.574677594,120.9512466,papaya
70,54,46,39.73149053,91.12220596,6.919342407,122.7628653,papaya
44,56,49,39.23342464,91.25589286,6.519779582999999,64.4478499,papaya
34,68,51,27.34734861,94.17756725,6.687088097999999,40.35153141,papaya
50,59,47,40.76998685,92.09278584,6.747975732,209.8678411,papaya
39,70,52,26.26559543,90.79668055,6.65149129,59.49373381,papaya
34,61,49,28.12971499,93.3210737,6.502675132,117.8201907,papaya
44,60,55,34.2804607,90.55561637,6.825371185,98.54047745,papaya
31,62,52,33.7960155,93.00754254,6.99104104,182.026807,papaya
65,62,51,31.53243779,90.87394933,6.5116248410000015,207.0735119,papaya
44,57,53,42.30495821,90.51431779,6.93172108,74.876786,papaya
50,47,48,24.63676897,90.61964344,6.712772332999999,218.2299187,papaya
43,50,48,28.28222883,91.37059792,6.63016515,179.27208069999998,papaya
60,46,53,24.48620746,92.98254537,6.761953186,183.49095,papaya
70,68,55,42.84609252,94.63548176,6.691202286,78.80996390000001,papaya
59,62,52,43.67549305,93.10887229,6.6086676839999985,103.8235658,papaya
60,58,51,42.07213781,92.92203105,6.840802254,165.7412972,papaya
42,60,47,33.46873719,92.12746225,6.834808347999999,136.8277041,papaya
35,66,47,31.7018373,91.66232213,6.953439161,48.83810592,papaya
34,65,48,41.41968393,90.03863107,6.665024507999999,199.3096432,papaya
36,54,46,42.54744013,94.94482086,6.662875839,214.41038480000003,papaya
39,64,52,28.91842453,94.63676767,6.678695788,63.68794608,papaya
37,52,47,43.08022702,93.90305729,6.54277684,211.8529059,papaya
33,47,46,29.20300896,93.96834049,6.839443833,209.4083305,papaya
34,48,48,41.04224355,91.37258067,6.805277038,181.527598,papaya
49,54,50,25.62446619,93.18240298,6.762522087000001,97.26336657,papaya
40,65,49,35.32876402,91.06138506,6.678449317999999,163.9069365,papaya
68,52,49,24.42561272,92.27749066,6.577192175,63.35298768,papaya
50,46,52,31.18298415,90.21646909,6.734005647999999,54.01872359,papaya
65,63,50,31.88342554,91.3256535,6.524459342,79.27201575,papaya
40,49,47,42.93368602,91.1756748,6.501521192,246.36132680000003,papaya
42,53,48,23.11407669,94.31994776,6.758479569,231.5153161,papaya
49,55,51,24.87212063,93.90560147,6.676578778,135.16945249999998,papaya
59,62,49,43.36051537,93.35191636,6.941496806,114.778071,papaya
63,58,47,26.83054058,90.75379971,6.864143752,144.66564440000005,papaya
70,65,52,30.42012134,93.12659793,6.583528529,75.95295,papaya
63,50,52,28.64555584,93.22642604,6.751747609,115.8163936,papaya
40,64,47,32.50037548,93.47888842,6.893509446,71.73759526,papaya
63,58,50,43.03714283,94.6428898,6.720744449,41.5856585,papaya
45,58,49,30.10773379,90.34546355,6.827812549,75.24521981,papaya
66,69,47,23.69212243,93.61055571,6.912299695,87.53393983,papaya
54,67,52,35.67667332,93.30641944,6.586107335,141.3381168,papaya
69,67,52,27.71948962,94.43877142,6.827305908,82.83061083,papaya
67,68,49,35.26824831,92.38282957,6.821774589,149.8488208,papaya
45,57,47,23.16855863,90.78821158,6.656458831,161.68920930000004,papaya
56,50,52,33.08706051,92.25197542,6.770384816,88.1300769,papaya
70,50,53,37.4620912,90.44967809,6.933809742999999,172.3458448,papaya
44,47,45,38.73218907,94.73613484,6.579441304,218.142147,papaya
50,60,47,32.57720726,92.74889453,6.92791761,93.7942847,papaya
52,51,53,38.38231475,93.10378595,6.985804083,210.2735346,papaya
35,68,45,42.93605359,90.09448142,6.612429546,234.8466111,papaya
68,69,52,25.65492304,92.74501561,6.813383387000001,52.95477913,papaya
32,55,52,37.58899717,91.99740365,6.967759599999999,159.6577388,papaya
32,55,51,29.60718808,93.15642801,6.57398033,62.68710535,papaya
48,62,47,25.34756111,93.02871078,6.803094965,174.40123369999995,papaya
39,69,53,25.9300384,93.02357765,6.964955435,241.8202079,papaya
49,61,45,32.76795887,94.57377401,6.764213299,240.4795923,papaya
48,57,54,29.02328049,90.20396783,6.617703177999999,126.8069869,papaya
69,66,49,40.00439101,90.17015833,6.52711001,92.11877372,papaya
53,55,55,33.32315744,91.25271223,6.709668804,234.496633,papaya
38,61,52,31.22790131,94.94021378,6.620729882000001,46.44279118,papaya
57,64,55,26.68386496,92.9585411,6.5837604989999985,62.50689682,papaya
51,57,55,24.70528368,90.14732171,6.6764073370000006,108.4103158,papaya
56,65,45,38.2016825,93.97379963,6.751298936,218.09088140000003,papaya
54,66,52,36.56769731,93.79503425,6.867554147000001,104.4218596,papaya
58,55,47,26.05375792,93.69111672,6.7424900270000006,240.6863901,papaya
68,70,54,31.29986342,92.76039164,6.986228647000001,54.77830202,papaya
42,59,55,40.10207731,94.35110201,6.979102243,149.1199989,papaya
43,64,47,38.58954491,91.58076549,6.8256647820000005,102.2708231,papaya
35,67,49,41.31330062,91.1508798,6.617066674,239.7427554,papaya
56,59,55,37.03551903,91.79430166,6.551892637999999,188.5181422,papaya
39,64,53,23.012401800000006,91.07355541,6.598860305,208.3357976,papaya
18,30,29,26.762749300000007,92.86056895,6.4200187170000005,224.5903664,coconut
37,23,28,25.61294367,94.3138837,5.7400545670000005,224.3206759,coconut
13,28,33,28.130115000000004,95.64807631,5.686972967000001,151.0761899,coconut
2,21,35,25.02887163,91.53720922,6.293662362999999,179.8248944,coconut
10,18,35,27.79797651,99.64573002,6.381975465,181.6942283,coconut
7,11,32,29.25902906,95.11294697,5.5421691389999985,184.7624496,coconut
39,5,31,27.10134661,93.69979946,5.551963184,150.9502632,coconut
34,6,27,25.84726298,90.92669463,5.8607404810000014,147.8888994,coconut
31,30,29,26.58580443,90.98617591,5.558807063,178.8116076,coconut
25,7,35,28.38503882,99.18843684,5.55771171,189.67113490000003,coconut
16,18,26,28.43647052,91.81320717,5.568365926,145.54144130000003,coconut
26,10,33,28.27298134,96.93649473,6.07071786,198.8234862,coconut
27,8,32,27.00648436,96.46168931,5.627860548999998,144.3331315,coconut
37,18,30,27.63551259,99.34854917,6.38488418,157.91715369999997,coconut
19,15,34,26.29644905,99.65809151,5.6858890660000005,215.9195049,coconut
0,19,33,27.1326009,95.23797989,6.234458417000001,204.7206567,coconut
31,20,26,25.56567803,97.61361544,6.443168642000001,199.7936345,coconut
9,17,32,25.94951662,93.40548703,5.842317989,172.0540491,coconut
22,11,29,28.03380598,95.01630593,5.955742971,218.0055713,coconut
31,6,26,29.12859129,91.30924833,5.741367375,157.2388553,coconut
34,6,30,27.0828252,97.00155491,5.948342571,171.7575545,coconut
24,6,32,28.11321494,90.01734526,6.387067562,172.48136409999995,coconut
1,8,26,27.5136304,94.18955816,5.562911913,156.6732553,coconut
31,13,33,27.63834933,95.48763389,5.85971872,205.5463111,coconut
10,9,28,29.01256899,94.01014388,6.282955072999999,150.05003119999995,coconut
36,27,26,26.58413917,95.78923137,6.25449571,171.6262299,coconut
38,24,33,28.28905147,97.00396405,5.973853124,142.9403233,coconut
11,6,25,28.69164799,96.65248672,6.081568052000001,178.9635457,coconut
16,14,30,29.70931288,96.30484325,6.37466756,209.84539930000003,coconut
33,14,35,27.14865285,96.66355213,6.027707171,149.2433497,coconut
16,6,29,29.28725038,91.95614918,5.868285082000001,132.1491176,coconut
32,11,31,25.06871967,93.31410447,6.205931637999999,134.84190690000003,coconut
38,14,30,26.92449525,91.20106019,5.5707453860000005,194.9022136,coconut
8,6,33,28.27804288,93.64761266,6.095261012999999,171.9457959,coconut
23,6,33,29.18032562,92.73041222,6.025789594,204.9603677,coconut
29,25,35,28.3575072,91.64509299,5.542873799,160.73069909999995,coconut
24,14,33,29.38072512,93.27565685,6.366219551,218.5241851,coconut
32,12,30,25.39241091,98.08951196,5.579845008,218.080385,coconut
30,25,31,26.31270635,98.62048026,5.804965067,208.1181381,coconut
14,21,35,29.52501367,91.91185319,6.121005506,194.3100272,coconut
27,22,29,28.83214859,92.17170353,6.000248647,145.41723869999996,coconut
40,5,29,28.48444906,97.76865458,5.820978791,160.389421,coconut
17,11,32,28.74013335,93.39676499,5.620733794,156.76508230000005,coconut
30,30,35,25.00872392,95.59224018,6.001936419,165.8092179,coconut
28,10,30,29.8690834,91.14723422,6.305740522000001,192.7678575,coconut
39,7,29,27.54273211,94.59086121,6.362544111,150.2012138,coconut
32,20,35,26.52166434,98.38227669,5.588655387,144.6261698,coconut
7,15,32,25.03512351,95.89739958,6.182232762000001,174.796583,coconut
29,17,29,29.20394909,95.66997327,5.959493188,211.2506267,coconut
34,15,34,27.05826457,91.10510371,5.677282677999999,224.70069530000004,coconut
14,23,25,26.18552389,96.96637916,5.6121227970000005,135.4186222,coconut
18,19,29,27.59376845,92.48519606,6.206077742000001,162.8432736,coconut
7,21,35,25.76011662,94.65830608,5.764812076,131.24514140000002,coconut
24,27,34,28.87862994,95.11320315,6.203376525,145.0583117,coconut
39,29,29,26.50908611,94.48414544,6.143662699,199.8778403,coconut
29,8,28,26.87037587,91.72546257,6.100429497,214.4128874,coconut
10,24,27,27.57283516,94.90485697,5.7084096010000005,145.9298935,coconut
0,29,32,28.05912437,98.3670985,5.868255858,171.65163959999995,coconut
32,11,31,29.51611558,92.56492864,6.461225827000001,131.2116167,coconut
37,10,32,28.96318258,95.16333673,6.165084855,222.803013,coconut
20,29,27,25.09897688,92.36099489,6.047044342,157.7592626,coconut
31,29,35,27.1872282,92.19906776,6.137102505,141.3220576,coconut
17,30,27,29.03065024,90.79093862,5.894027065,205.5720367,coconut
1,12,30,27.754298,95.94643831,5.56222383,131.09000759999998,coconut
6,13,29,27.31155708,99.96906006,5.832608027999999,201.8258633,coconut
15,28,32,28.84270971,99.64328526,6.2185718739999984,224.4016682,coconut
27,24,29,26.61423461,96.97300803,6.142010637,191.006688,coconut
3,23,30,29.70143197,95.65754365,6.078807239,215.1968037,coconut
8,26,26,25.54759871,91.64194826,5.702484758,212.867626,coconut
20,28,26,26.37978453,91.49882979,5.547594847,167.0470997,coconut
26,18,27,27.45907759,92.90736493,5.836075368,142.1430003,coconut
1,6,35,27.02269204,95.71935435,6.231662767,147.16824590000004,coconut
27,30,31,28.98545306,90.73966792,5.718120393,148.8398374,coconut
23,7,34,26.1055118,91.52421214,5.852038202,134.1279669,coconut
0,26,31,25.0707247,95.02156793,5.547933273,192.9036306,coconut
38,6,25,25.54963273,96.92786777,6.156259104,191.2996157,coconut
25,12,26,28.56973521,95.67906668,6.436314406,134.83703480000003,coconut
40,5,32,26.07010807,96.7036223,5.981169595,143.533473,coconut
0,19,31,25.51791333,94.38420565,6.271952832999999,178.7297725,coconut
26,9,32,25.9490364,94.73860514,6.470465614,144.15711090000005,coconut
35,30,34,28.2974764,95.41122824,6.141502001,182.4482352,coconut
19,30,30,29.56549169,91.40896307,5.826381164,224.83157290000003,coconut
31,13,33,29.69952329,95.21224392,6.342463714,148.30036919999995,coconut
17,29,26,26.14162144,93.28415295,6.071897347,195.4115025,coconut
2,30,30,26.00175125,94.79998418,6.331051715,209.540094,coconut
30,13,25,27.15116142,91.48889469,6.413184638,164.9182225,coconut
8,15,33,28.97318719,98.09861043,5.50158009,213.9011021,coconut
18,12,35,26.13958446,96.38580769,6.338720873,131.3387935,coconut
8,28,30,25.51618488,94.33465411,6.015672239,135.1272491,coconut
40,22,29,27.55821802,99.98187601,5.735364307,174.62564809999995,coconut
27,10,33,27.81132822,97.48410555,6.465906333,154.06212209999995,coconut
21,20,31,25.60033702,99.7240104,5.855457599,165.82487319999996,coconut
3,9,35,26.91641934,99.84671638,6.318552972999999,225.6323656,coconut
22,16,27,29.1797902,90.27214288,6.006784979,188.9252083,coconut
27,8,30,26.44600063,98.29937782,6.008386282999999,221.2258168,coconut
22,8,33,28.43572863,95.8840407,5.665785202,203.9283708,coconut
28,27,32,28.94099669,93.00109012,5.764615485,191.7723087,coconut
23,21,26,26.45488737,93.45042636,5.9014955439999985,149.2220255,coconut
37,5,34,25.79490531,93.84150618,5.779032666,152.42387119999995,coconut
19,26,29,26.93141945,98.80313612,5.67154928,166.5712879,coconut
133,47,24,24.40228894,79.19732001,7.231324765,90.8022356,cotton
136,36,20,23.09595631,84.86275707,6.925412377000001,71.29581071,cotton
104,47,18,23.9656349,76.97696717,7.633437412,90.75616738,cotton
133,47,23,24.88738107,75.62137159,6.827354668,89.76050416,cotton
126,38,23,25.36243778,83.63276077,6.176716425,88.43618918,cotton
126,50,19,24.69457084,81.7358876,6.6287228360000015,78.58494391,cotton
113,41,20,25.0017188,80.53965818,7.256877571,96.32600992,cotton
121,45,22,22.45942937,81.30681027,6.443785385,64.23026638,cotton
121,47,16,23.60564038,79.29573149,7.7232401510000015,72.49800885,cotton
129,60,22,24.58453146,79.12404171,5.947448589,71.94608134,cotton
107,45,25,23.0865933,83.55546146,7.2277455160000015,71.84080724,cotton
122,59,18,23.5000992,83.63488952,6.219469084,79.81328183,cotton
140,38,15,24.1472953,75.88298598,6.021439523,69.91563467,cotton
102,49,21,24.69315538,84.84422454,6.253343655,89.799462,cotton
111,40,25,24.484692000000006,84.44932014,6.1874557989999985,90.94342484,cotton
131,35,18,24.49112609,82.24415809,7.0576933660000005,64.02949379,cotton
135,43,16,23.47986888,81.73049149,6.720449769,86.76287924,cotton
100,46,18,24.18586246,76.04203958,6.4316895060000006,69.08056728,cotton
123,39,24,25.00755095,78.17952126,7.453106264,86.06411872,cotton
117,56,15,25.99237426,77.0543546,7.368258226,89.1188212,cotton
121,36,24,23.66457347,81.69105088,7.352401887,99.36898373,cotton
101,58,18,25.66891439,81.38103349,6.652143699,78.59595817,cotton
107,42,24,22.04612876,84.62978302,6.144631795,86.00758678,cotton
100,41,22,22.4204752,84.55794703,7.318802162000001,93.46595573,cotton
125,39,21,25.03149561,82.21276599,7.954629324,95.0191318,cotton
105,60,23,23.53371386,77.21705554,6.207652157,87.54004943,cotton
102,46,19,22.77076388,82.5993307,6.631005298,81.49543437,cotton
131,49,22,25.49848236,79.9751579,7.306918817000001,67.05961949,cotton
139,35,15,25.248679,83.4630147,5.898293044,86.55517751,cotton
108,36,19,22.78249615,77.51235009,7.238566893,64.61444234,cotton
118,45,23,23.37044424,77.43198948,7.977651226,71.67870701,cotton
107,51,22,24.86560781,78.22080815,5.983075895,79.56866268,cotton
125,60,17,24.14386157,84.51591287,6.785723961,80.36146974,cotton
113,37,20,25.03300222,79.04368718,7.393441155,97.10087029,cotton
131,52,16,23.65724079,84.47601498,6.486068274,88.54479121,cotton
115,48,16,25.54359718,84.09229796,7.175934962,88.94245493,cotton
113,38,25,22.00085141,79.47270984,7.388265887999999,90.42224164,cotton
111,41,18,23.64328417,78.1258666,6.10539819,80.96157332,cotton
111,53,19,23.96436009,78.02763149,6.419536555,84.63148859,cotton
122,48,16,24.65425757,75.6350708,6.307585854,61.82980133,cotton
108,46,17,24.3017998,84.87668973,6.93221485,65.0247867,cotton
132,41,22,24.29144926,81.02453404,7.810865753,90.41694635,cotton
103,42,17,24.29470232,84.61527627,6.527541661,81.05902285,cotton
133,50,25,25.72180042,81.19666206,7.569454601,99.93100821,cotton
127,37,18,24.87663664,76.30050373,7.041065585,91.9223468,cotton
110,39,25,22.60612115,77.34264002,7.208795456,75.13617229,cotton
131,38,19,23.86814008,75.68339729,6.814341946,90.4547185,cotton
108,38,24,23.41022496,76.43836957,7.442217061,78.82199603,cotton
122,40,17,24.96440768,81.31677618,6.854558957,80.03995829,cotton
111,50,15,25.16820129,80.30351815,7.884550475,84.62419032,cotton
140,40,17,22.72767171,77.07598065,6.006085786,77.55176318,cotton
100,40,20,22.45145981,76.25674874,7.432043735,86.84998693,cotton
123,50,16,23.04920461,75.53835214,6.498052108,70.65644296,cotton
107,36,21,25.29250148,75.66653335,6.205263534,62.64174227,cotton
118,50,19,22.95604064,82.33733678,6.360812227,66.48339303,cotton
103,51,20,22.80213132,84.14668447,7.0466074339999984,91.6389565,cotton
133,57,19,23.54234715,75.98203329,7.947011366,84.12536744,cotton
129,47,20,24.41212325,80.80343786,6.281913857999999,98.60457373,cotton
116,52,19,22.94276687,75.37170612,6.114525877,67.08022574,cotton
114,40,23,25.53676123,81.13668716,6.7539780610000015,95.4262599,cotton
131,60,17,25.32023717,81.79475917,7.4250413160000015,83.46532547,cotton
107,43,18,22.426733,81.53480799,6.745104394,65.54475812,cotton
123,44,21,25.78544484,75.00539324,7.6411165689999985,91.39578861,cotton
112,49,25,25.68959532,77.90621048,6.470135478,66.19426787,cotton
119,44,15,22.14593688,82.85975490000001,7.091992365,60.65381719,cotton
130,59,19,25.07278712,82.50257909,6.520403794,93.51042684,cotton
127,53,24,22.21506982,76.17851932,6.127939627999999,70.40557612,cotton
134,52,18,23.9643129,76.59175937,7.994679507000001,76.13090645,cotton
109,36,18,25.40059227,76.53237965,7.524707577,62.51388670000001,cotton
100,48,17,23.7805123,83.03878838,7.827877817999999,66.26555904,cotton
132,52,19,24.16402322,76.7433897,6.436691764,61.94626051,cotton
102,37,25,25.31468463,77.91757121,5.907930899,72.82902109,cotton
111,39,22,22.60361557,80.35090459999998,6.135025006,88.57395505,cotton
117,51,15,22.9535715,78.71555832,6.044556594,99.75336197,cotton
136,36,24,22.74446976,80.41198458,7.59781958,90.07326633,cotton
134,56,18,23.80834611,83.91902605,6.691268104,70.97358303,cotton
112,54,15,25.46228792,81.56641891,6.1754923060000015,76.88582484,cotton
105,56,15,25.96779712,81.97904282,7.272316208999999,74.14169043,cotton
140,45,15,25.5308271,80.04662756,5.801047545,99.39557151,cotton
126,46,25,24.43847399,81.69801729,6.757457943,60.79645852,cotton
106,49,24,23.03887865,76.47039772,6.983395572999999,90.64770699,cotton
121,53,19,23.51308653,76.72621429,7.976889497999999,80.11272117,cotton
108,60,17,22.75805656,76.75768356,6.558902588,97.76600619,cotton
116,56,17,24.71252544,77.7293114,7.979090365,85.24963302,cotton
100,52,19,23.45969093,82.44777468,7.903528672999999,93.50153555,cotton
129,43,16,25.5503704,77.85055621,6.73210948,78.58488484,cotton
118,44,23,22.08458267,82.82904143,6.6916904760000016,67.06459777,cotton
117,43,25,24.68854799,78.51206972,7.839849298,69.31153566,cotton
126,37,21,25.84997269,84.16855231,6.61448588,77.03421249,cotton
120,48,16,22.46054478,75.40989245,7.456971816,71.85436078,cotton
102,45,16,23.65629976,77.52425987,7.2942193,74.8984994,cotton
131,56,20,22.00817088,81.83896111,7.762647875,92.23645249,cotton
114,40,17,24.32630461,80.13456404,6.363406102000001,69.45072055,cotton
101,37,18,22.92360984,82.68738535,7.63737841,92.91915074,cotton
106,46,20,23.43821725,78.63388824,6.2006719760000015,81.15072105,cotton
113,38,20,22.10718988,78.58320116,6.364729934,74.94136567,cotton
102,53,21,23.03814028,76.11021529,6.913678684,91.49697481,cotton
110,39,18,24.54795322,75.39752705,7.766259768999999,63.88079866,cotton
107,58,15,23.73868041,75.77503808,7.55606399,76.63669195,cotton
120,60,15,22.31871914,83.86129998,7.288377241,65.35747011,cotton
89,47,38,25.52468965,72.24850829,6.002524871,151.8869972,jute
60,37,39,26.59104992,82.94164078,6.033485257000001,161.2469997,jute
63,41,45,25.29781791,86.88705350000002,7.1219335789999985,196.6249511,jute
86,40,39,25.72100868,88.16513579,6.207459637,175.60866969999995,jute
96,41,40,23.58419277,72.00460848,6.090060478,190.4242157,jute
100,35,36,25.31042337,72.01364411,6.346715209,190.5577618,jute
63,37,43,23.41798979,85.08640476,6.661957897000001,185.7446728,jute
70,43,40,24.35564134,88.80391021,6.176860192,169.11680280000004,jute
67,55,44,26.284017,75.14640198,7.251847296,182.2685447,jute
74,40,40,25.13842773,83.12053888,6.386259977999999,169.33884650000005,jute
89,53,44,24.88692811,71.91711523,7.319735475,150.2498675,jute
74,46,45,25.75734909,88.36668522,6.025028997000001,189.4263485,jute
89,41,38,23.12844351,74.68322732,6.344751947000001,199.83629130000003,jute
60,55,40,24.9949957,88.95692783,7.02777956,151.4935635,jute
67,43,38,25.21622704,70.88259632,7.299304715,195.8645552,jute
70,38,35,24.39736241,79.26861738,7.014063944,164.2697011,jute
74,49,38,23.31410442,71.4509053,7.4880144039999985,164.49703730000004,jute
90,40,39,25.72668885,81.86171563,6.626503893,191.9649389,jute
82,35,44,26.96656378,78.21047693,6.239011,169.8391177,jute
73,45,37,23.70467146,74.63745355,6.742688094,181.2783964,jute
85,53,38,24.90075709,73.84186449,6.588017308,153.8990984,jute
81,56,36,23.39605743,72.60512854,7.097586415,174.78764109999997,jute
84,55,38,26.8748389,79.78725152,6.956682742999999,173.1017097,jute
80,45,42,23.1426498,74.99739774,7.380396262,151.9035477,jute
76,54,45,24.29496635,77.62976013,6.176618831,184.9800516,jute
76,56,39,24.39459498,89.89106506,6.551130445,197.1220049,jute
81,40,45,25.7629429,80.76238215,6.427726565,174.5071843,jute
76,44,45,25.4879684,84.48235878,6.740947635,168.7848886,jute
69,47,40,25.37122686,76.2403666,6.130136384,183.8270791,jute
82,40,45,26.21312799,81.70476368,6.667633355,180.1237765,jute
69,57,35,24.30748599,78.54340987,6.1868143920000005,186.2337571,jute
81,36,38,23.76554749,87.98329901,6.334837865,150.31661519999997,jute
67,60,38,24.79853023,78.53037059,7.16214284,162.2847429,jute
72,51,40,23.20683504,74.09956958,7.422318499,199.4766779,jute
65,39,45,23.66805429,70.89000744,6.768001309,184.4633281,jute
78,50,43,25.12417673,85.72530641,6.348441469,159.5718087,jute
77,52,41,23.89069041,83.46409075,6.097294061,167.72306319999996,jute
89,52,42,23.09433785,81.45139295,6.14132902,196.6587013,jute
62,49,37,24.21744605,82.85284045,7.479248124,166.13658859999995,jute
90,48,45,24.06475727,71.31342851,6.5091747889999985,153.63902119999997,jute
66,47,36,24.85441411,74.44070479999998,6.57256106,175.572958,jute
80,52,39,26.41915161,76.85691248,7.165696848,197.2101782,jute
89,52,45,24.89326318,77.01222585,7.207457207999999,196.469984,jute
77,51,44,23.25583402,82.7015932,7.124333547000001,166.2160846,jute
94,37,41,24.7634518,87.06071115,6.4635387070000005,179.1630865,jute
75,41,35,24.97042599,78.62697699,6.856833064,166.6415254,jute
60,55,36,26.12797248,80.49172597,7.132389299,150.6326874,jute
62,56,35,25.97825807,81.65769588,6.235357637999999,163.3488091,jute
84,40,42,26.2830571,73.35763537,6.704273839,186.6898282,jute
100,56,40,26.38905406,83.31240346,7.433313409,176.1516409,jute
75,56,44,25.2746335,73.7459581,6.109478059,168.0432282,jute
78,46,42,23.09499564,78.45959697,7.095413294,155.3851533,jute
82,48,36,25.79351957,81.76904006,6.352076782999999,193.2418382,jute
100,58,41,23.17403323,87.88255345,6.6587699910000016,160.6217342,jute
88,50,40,25.63215038,79.95150917,7.0518224720000005,182.2582277,jute
67,41,40,25.848795000000006,87.81661683,7.333143205,152.6194403,jute
72,42,43,26.56767277,80.90424543,6.352771037,181.2915605,jute
89,40,43,26.24532085,72.97198375,7.124050134,189.9711184,jute
89,57,43,26.91515043,73.19897535,6.998787171,177.22330480000005,jute
61,41,44,24.36972377,82.11319791,6.537914957999999,159.92109340000005,jute
79,45,43,25.71901283,79.15532398,7.171054239,187.1735424,jute
84,40,43,25.01157559,88.33130229999998,7.228268227999999,169.4168014,jute
98,43,35,25.40785911,76.44048625,7.319952206,188.6372826,jute
75,36,44,23.28081,74.27607475,6.613341342999999,153.7447398,jute
89,58,35,23.98651719,82.09053379,6.096838784,167.0576456,jute
91,41,37,24.48556447,83.20630007,6.132570522999999,192.2316221,jute
77,48,36,25.86705009,84.09985284,7.36008498,154.83908469999997,jute
66,58,35,23.5643831,79.46283115,7.321619041,185.25947,jute
62,59,41,24.2248758,74.89465426,7.175170657000001,192.4931257,jute
82,35,35,25.49386782,86.97061481,7.299076163,176.5268267,jute
61,41,35,24.97178693,79.47557931,6.842966478999998,195.7571622,jute
99,57,38,24.80624984,82.09281674,6.356295567999999,156.3616174,jute
70,42,43,23.16814977,76.66724969,6.508342839,157.1215052,jute
90,59,35,24.25133493,89.86454053,7.098227926,175.1742112,jute
73,43,42,26.58361011,78.00774772,6.310699968,154.8238864,jute
67,46,44,26.82489244,78.20392774,7.093328631,153.91998069999997,jute
84,37,42,25.49674786,81.13449097,6.691074249,169.92882340000003,jute
72,41,36,24.09874353,80.57226761,6.187746776,176.8604109,jute
71,56,37,23.18866654,86.20899734,6.491506245,176.103677,jute
64,53,38,26.24347471,78.51063754,6.855362875,183.4065252,jute
65,54,39,23.75091572,71.14782585,7.124571593,160.0889553,jute
60,58,37,26.13871511,79.1188943,6.067302109,171.4892533,jute
86,39,43,26.14576648,71.23690851,6.432051512,193.1007598,jute
90,50,44,26.91643698,73.48655995,6.253408852000001,171.4716375,jute
91,38,36,26.5232969,77.17331847,7.287318722999999,157.8548562,jute
87,48,38,23.81579631,80.94023552,7.161865733,190.312216,jute
72,41,36,26.50838667,86.84264005,6.065898282999999,152.9801697,jute
71,54,35,26.63952463,70.95705996,7.311077075,199.3355744,jute
82,46,41,23.325013100000003,79.79609448,6.581693772,187.3096148,jute
71,52,43,26.47549543,73.96164569,6.732826127,180.2513601,jute
80,43,43,23.78756036,74.36794079,6.014572075,172.64426540000005,jute
77,55,43,25.49941707,75.99987588,6.663559451,193.71418280000003,jute
95,57,41,23.24925555,73.65346838,6.434610995,184.7674863,jute
63,47,35,26.98582182,89.05587886,7.432768147000001,193.8778713,jute
93,43,38,23.61475336,86.14290267,6.987332927000001,150.2355238,jute
87,44,43,23.87484465,86.79261344,6.718725189,177.5147313,jute
88,52,39,23.92887902,88.07112278,6.880204617,154.6608736,jute
90,39,37,24.81441246,81.68688879,6.86106911,190.7886386,jute
90,39,43,24.44743944,82.286484,6.7693455,190.9684885,jute
84,38,43,26.57421679,73.81994896,7.26158085,159.3223075,jute
91,21,26,26.33377983,57.36469955,7.261313694,191.6549412,coffee
107,21,26,26.45288458,55.32222678,7.235070264,144.68613359999995,coffee
83,38,35,25.70822684,52.88667115,7.18915558,136.73250919999998,coffee
108,24,31,24.12832546,56.18107663,6.431899747999999,147.27578180000003,coffee
116,28,34,23.44372334,60.39523266,6.42321105,122.2103248,coffee
116,23,25,23.4123707,52.26994674,6.869720196,139.3670753,coffee
109,31,27,23.05951896,50.40609436,6.973839707000001,164.4971875,coffee
89,25,34,23.07895447,63.65861483,7.184801627000001,129.8765443,coffee
118,18,32,27.6496114,51.11044023,6.351823783,122.8392822,coffee
111,32,34,25.46743689,69.35161206,6.392048018,171.37644619999998,coffee
84,36,28,26.7350622,55.55164819,6.119892347,140.63052130000003,coffee
85,33,25,26.20811417,52.50987966,6.910823945,189.0944824,coffee
99,15,27,27.0424167,57.27927475,6.501157208,165.6872119,coffee
81,30,31,24.65090184,51.93952357,7.0275855589999985,135.1386537,coffee
95,39,29,27.35152643,55.99375012,7.13411409,148.98125249999995,coffee
81,34,30,25.17787724,62.26244581,6.6477659970000005,135.0119649,coffee
80,15,28,23.11438731,68.00096043,6.703270635,161.8944624,coffee
104,20,26,27.22783677,52.95261751,7.493191968,175.7260273,coffee
109,29,28,23.26316991,60.51600210000001,6.724688502999999,194.1755471,coffee
100,32,26,25.234661,57.53161469,6.043485685,124.2261737,coffee
100,24,28,25.59535262,57.72920846,7.101661011,195.7733251,coffee
83,21,28,25.5674832,60.49244602,7.466900682999999,190.2257843,coffee
120,23,28,25.67324193,51.29043632,6.877799264,196.2736367,coffee
104,26,30,24.40726724,62.65692638,6.410992833,148.6977358,coffee
108,33,31,23.69287069,66.76090123,7.393825704,144.6576424,coffee
91,25,26,24.53460016,66.99765375,7.482414225,180.5059257,coffee
86,26,27,27.13140403,52.89368299,6.081172981,192.4280381,coffee
98,18,27,27.56088634,68.49299897,6.516312148,167.43580749999995,coffee
111,27,31,23.59302313,55.27564977,6.0433309510000015,191.3980675,coffee
84,39,35,23.17714381,52.13864034,6.959404135,117.3113562,coffee
98,27,27,24.71384065,51.29142534,7.238109556,197.6439711,coffee
118,21,34,24.38534644,64.72543073,7.234258375,119.6324109,coffee
103,27,31,27.15998538,51.59100753,6.691541233,126.1752206,coffee
82,24,33,26.53543168,67.09608099,6.809593554,120.6494434,coffee
86,31,35,27.01207284,60.76645256,6.485761419,191.4508931,coffee
88,35,35,27.55906475,58.45742907,6.784460602,117.9389993,coffee
84,27,29,23.32293161,53.00366334,7.167092586,168.26442869999997,coffee
120,40,33,24.23850608,54.30329632,6.73410539,115.1564012,coffee
106,40,30,23.42611644,64.10651528,6.779984384,122.6847408,coffee
113,21,33,26.02241444,55.83288958,7.277422737999999,176.90209240000004,coffee
117,34,25,24.83846178,56.7685316,7.21270048,124.4135035,coffee
80,30,25,26.24092174,65.64381357,7.487266991,148.37712019999995,coffee
88,21,27,24.43011925,66.02411187,7.231166546,181.6368274,coffee
113,33,34,26.00373964,62.144510200000006,6.559817161000002,153.477776,coffee
87,23,28,26.22367404,62.26594559,6.979590627,193.7461968,coffee
113,15,29,27.09617155,63.55324262,6.779230041,190.2440566,coffee
98,29,30,25.64004392,61.03273481,6.217974349,199.4735636,coffee
97,29,27,27.74576987,54.36976075,7.205078785,139.8619431,coffee
85,35,32,26.24928198,54.28617819,6.854011265,133.1120232,coffee
82,29,35,26.67377159,52.24226285,6.246872394,156.15438980000005,coffee
103,33,25,27.10210397,55.74973320000001,6.911066044,139.5013171,coffee
112,17,28,27.62975458,61.26002598,6.777417989,196.6492664,coffee
99,19,33,27.536454700000004,55.51673151,6.273741983,130.6377143,coffee
120,20,34,23.56960509,50.56339727,6.906124587000001,130.3797119,coffee
114,27,28,24.99451759,57.93250202,7.162802357,192.8736822,coffee
100,40,35,27.56441788,54.41094079,6.9557873510000015,177.816092,coffee
108,35,25,23.98143338,61.10935084,6.971963169,161.5279095,coffee
115,31,30,24.22984659,67.37768353,6.840927967000001,122.4073418,coffee
87,28,30,25.60153969,68.66257977,6.536676653,168.8383605,coffee
82,24,26,24.31274458,53.57285558,6.089443602999999,184.4103931,coffee
94,26,27,26.36629861,52.25738495,7.456460375,177.31761609999995,coffee
87,28,35,26.5602777,57.1621814,6.759211911,152.0616227,coffee
118,40,35,26.35034208,58.50650238,7.460174812000001,121.5586297,coffee
87,38,29,25.20406808,57.88370456,6.652642579,156.1457255,coffee
92,40,30,23.35723208,55.18792166,6.026287448,171.6976946,coffee
97,22,26,23.60567546,59.68849145,6.074190142000001,185.1568059,coffee
99,40,32,24.18471151,69.94807345,7.0455430560000005,163.27087319999995,coffee
89,28,33,26.44414097,53.83876189,6.9932360010000005,175.3723314,coffee
112,39,29,26.12492233,63.37479229,6.726528895,147.8035305,coffee
111,28,26,27.77363343,64.47858698,6.937352845,192.7121236,coffee
114,20,26,25.55656667,62.67087838,7.27905689,193.5866233,coffee
117,26,30,27.92374437,67.96910852,7.079850922,115.2325531,coffee
111,29,31,26.05968403,52.31098539,6.136286518,161.3432535,coffee
119,30,28,26.35770906,64.57578034,6.5052036960000015,163.62694960000005,coffee
116,40,33,24.91370487,54.15319242,7.042089492000001,129.5481144,coffee
95,37,35,27.31317116,68.42333909999999,6.348337518999998,192.4288139,coffee
86,40,33,26.1387869,52.26311691,7.432322234,136.3027766,coffee
117,37,32,23.1069385,67.06230539,6.787658922,162.57696059999995,coffee
105,18,35,23.52648086,68.44030686,6.743417121,171.8839938,coffee
109,23,25,25.11711046,68.48030408,7.00733163,194.8773479,coffee
80,18,31,24.02952505,58.84880599,7.303033217,134.6803969,coffee
101,31,26,26.70897548,69.71184111,6.861235184,158.86088869999998,coffee
103,33,33,26.71717393,50.50148528,7.131435858,126.8073984,coffee
93,26,27,24.59245684,56.46829641,7.288211994,137.70440469999997,coffee
104,35,28,27.51006055,50.66687215,6.983732393,143.9955548,coffee
116,36,25,27.57847581,58.52534263,6.172090205,156.6810374,coffee
107,38,29,26.65069302,57.56695719,6.35118177,145.105065,coffee
101,33,33,26.97251562,62.0183627,6.9086713789999985,142.8610793,coffee
107,31,31,23.17124551,52.97841162,6.766184468,153.12016440000005,coffee
99,16,30,23.52652084,65.44340921,6.392791654,186.1728203,coffee
103,40,30,27.30901814,55.196224,6.3483162570000005,141.48316440000005,coffee
118,31,34,27.54823036,62.88179198,6.123796057000001,181.4170812,coffee
106,21,35,25.627355,57.04151119,7.4285236339999985,188.5506536,coffee
116,38,34,23.29250318,50.04557009,6.020947179,183.468585,coffee
97,35,26,24.91461008,53.74144743,6.334610249,166.2549307,coffee
107,34,32,26.77463708,66.4132686,6.78006386,177.7745075,coffee
99,15,27,27.41711238,56.63636248,6.086922359,127.92461000000002,coffee
118,33,30,24.13179691,67.22512329,6.362607851,173.32283859999995,coffee
117,32,34,26.2724184,52.12739421,6.758792552,127.1752928,coffee
104,18,30,23.60301571,60.39647474,6.779832611000002,140.9370415,coffee
92,42,56,18.38631339,55.76804238,6.61987459,82.47604385,wheat
81,53,53,15.48166993,42.35023908,6.78203569,97.30791099,wheat
104,43,52,21.26962792,41.34417806,6.95419462,60.78795504,wheat
106,41,49,19.46205623,59.19996492,6.48622027,70.31555658,wheat
80,49,59,21.04756366,56.38002323,7.21267257,63.53676529,wheat
75,40,42,21.29281967,42.29060089,6.5931764,65.30666478,wheat
65,52,51,17.68138332,43.37487434,6.40126386,98.49683398,wheat
68,60,48,16.03894771,50.38439749,6.44361302,91.07084342,wheat
92,45,53,23.19460548,49.68512546,7.24358484,77.19215241,wheat
101,42,46,20.19938452,50.55869172,6.92350041,70.14566356,wheat
71,56,44,23.49927096,41.56405922,6.65247571,65.16353616,wheat
72,59,55,24.91161323,41.78829712,6.99723105,94.13393357,wheat
60,48,60,22.42407463,51.36539182,6.78779673,60.85190253,wheat
99,50,49,22.6282122,58.28800522,6.92945672,82.64424101,wheat
118,54,48,15.40560705,57.40539716,6.88324075,53.28048078,wheat
80,42,56,20.36350644,54.66407033,6.97306906,90.168171,wheat
115,48,42,17.31379902,56.18990877,7.34818215,53.63056799,wheat
104,53,54,16.45577579,54.80927268,6.86908669,74.39896067,wheat
95,48,48,16.73232306,50.50879194,6.82066354,56.3272665,wheat
99,55,50,21.88961868,51.96543532,7.06700968,60.1178772,wheat
102,58,42,24.04313218,55.92910098,7.46904764,50.18336292,wheat
70,60,48,23.97021112,58.25844147,7.00892698,82.04938698,wheat
106,48,53,24.86232069,40.70293268,6.03425448,76.92469072,wheat
93,40,42,23.99674891,43.89263344,6.75588107,99.80089846,wheat
67,51,41,21.7688968,56.17507317,7.2402221,71.89731255,wheat
70,58,57,24.59682201,43.75894809,6.17321882,86.26782047,wheat
72,46,51,21.75804783,41.07510604,7.23806574,83.95653636,wheat
71,50,53,18.66332223,49.64945735,6.92345448,79.89685235,wheat
120,51,50,22.46734177,41.00610685,6.0298887,92.17290799,wheat
69,46,43,18.90253193,50.50965026,6.31153622,89.36798261,wheat
104,48,46,16.49963384,42.65539479,6.95631635,71.928775,wheat
82,49,41,22.8548452,46.45138877,6.02032857,95.48674061,wheat
78,46,43,18.98988371,53.01863412,6.27947168,95.8844685,wheat
94,60,50,18.48216431,43.19485412,7.20193,59.68288678,wheat
60,42,55,15.30533153,41.22651508,6.74448922,99.32199447,wheat
65,42,46,21.69426917,48.59782585,6.28653752,79.63833086,wheat
82,45,58,21.26614572,59.1721473,6.56449798,94.84817648,wheat
76,54,55,16.43163348,46.38038106,7.06462164,56.59363134,wheat
63,59,44,24.60976265,46.16963289,7.47954373,87.31166752,wheat
61,48,51,24.10946731,46.39282749,7.25282754,66.83279169,wheat
94,41,49,19.95595816,44.43409015,7.08390176,74.41286437,wheat
74,59,54,15.44230615,40.81371232,7.27013198,83.05992177,wheat
83,46,55,16.61650853,55.725129,7.05506539,86.48925292,wheat
65,42,47,23.9684649,58.38776197,6.94581908,64.55232503,wheat
76,60,54,20.44809552,54.70528248,6.80016549,76.24143779,wheat
108,48,51,23.27064532,57.83651507,7.29485775,66.68167727,wheat
110,58,56,18.86608515,52.47074893,7.13927065,78.69336491,wheat
100,58,58,22.02083432,50.74435438,6.51402112,60.94599306,wheat
82,50,44,20.57525068,49.50287527,6.05222815,85.04963969,wheat
67,46,46,24.02148949,41.84147055,6.51969492,54.28365084,wheat
119,52,44,21.32298953,43.75553046,6.45360068,81.67397304,wheat
86,44,54,18.0282865,44.38296259,6.37310105,56.28972146,wheat
64,57,44,24.52792528,45.69680353,6.75037627,52.36525398,wheat
117,40,44,16.65730489,49.79632949,6.02766365,74.19321542,wheat
62,46,43,15.9126978,50.76206863,6.12673769,88.62294024,wheat
82,56,57,17.56291065,42.74149827,6.96209224,61.98879318,wheat
116,46,54,15.85561152,44.07485622,7.16883425,57.74739881,wheat
87,46,46,24.27375665,55.11922,6.9721925,67.12665083,wheat
88,47,49,16.32583623,46.01014872,6.57435269,70.60163784,wheat
65,43,54,16.19643874,54.72372548,7.0454169,84.32383914,wheat
97,59,50,16.71871826,58.16626132,7.25732286,69.97733918,wheat
72,44,45,16.51481786,43.83611997,6.49988495,79.97754806,wheat
88,48,44,17.51628768,40.53299295,6.43729521,97.66341281,wheat
98,49,44,17.47038649,59.83393656,6.30026703,78.01059637,wheat
94,53,48,23.55167516,46.75390698,6.19617903,62.93597941,wheat
115,41,55,20.45623568,54.41184653,7.46125635,87.55382601,wheat
80,55,42,15.42023637,57.32934905,6.68717294,80.13950109,wheat
67,54,55,21.7253645,41.93344602,7.39152348,92.18167742,wheat
110,50,54,22.11776083,42.61630817,7.18420089,69.33486186,wheat
78,43,41,16.19499233,58.06330432,6.92858924,50.28976482,wheat
66,42,52,23.5034255,59.99422956,6.35862531,91.85519266,wheat
97,52,42,19.05734406,49.41998721,6.91254589,52.04597063,wheat
113,46,43,23.9543754,44.7252892,6.29163121,96.94210286,wheat
70,50,58,19.89842998,42.75731738,6.78849092,67.87807938,wheat
109,49,52,15.06624091,45.99841315,7.35439765,93.84204325,wheat
115,41,44,20.30117958,55.88245982,6.06280147,80.88152632,wheat
102,48,59,17.89350493,45.22292132,6.60144593,54.4246745,wheat
88,45,56,15.86653068,49.94038732,6.80947385,72.38179761,wheat
103,49,56,20.53971193,54.69835014,6.95257626,96.86618413,wheat
113,41,54,17.75108085,58.84366753,7.29233451,52.79179895,wheat
73,55,53,16.79013647,58.50247479,7.31440761,88.83650774,wheat
103,48,55,24.85653777,50.26974619,6.32773434,78.64244073,wheat
80,58,43,20.78592779,48.83191301,6.74483739,87.56719116,wheat
77,42,60,23.82072806,45.75552542,6.71242633,91.15523627,wheat
68,60,54,17.70426874,53.43614186,6.58665017,85.82479638,wheat
104,49,59,21.33268016,50.50003967,6.9361052,85.30469941,wheat
70,54,53,18.49364672,42.32086156,6.91873506,72.22443187,wheat
95,47,49,19.82726486,44.17559654,6.76991447,65.57592735,wheat
83,56,51,18.36886296,42.97812935,6.16941054,96.98290104,wheat
96,48,51,22.39552777,55.30864465,7.45985315,66.7890217,wheat
97,60,41,23.57605595,57.18263878,6.20742043,75.10485929,wheat
82,41,45,16.98066446,44.76643764,6.37968319,91.91907447,wheat
106,41,41,17.53790062,44.88324507,7.46343515,87.766117,wheat
114,56,58,22.07148261,41.97319572,6.28489917,59.38011468,wheat
79,41,53,17.10865209,46.68982931,6.25302356,86.97631219,wheat
72,45,57,17.45216352,47.85076265,6.97137773,90.51024948,wheat
100,60,52,18.47745203,52.79148444,6.75392451,95.43657181,wheat
66,52,45,20.51301398,44.88736378,6.29991326,61.00039608,wheat
107,49,45,23.43258211,47.72248634,6.66388102,86.38551631,wheat
101,44,55,17.7332101,49.43673732,7.44314607,92.39498581,wheat
131,46,46,32.35728351,67.40220138,6.88195707,179.25414395,sugarcane
132,52,53,32.20990123,74.15224713,6.8677694,154.96011859,sugarcane
109,47,55,27.04788192,65.50333214,6.69784644,212.43318222,sugarcane
133,50,59,26.43731076,62.71427379,7.17897364,213.17664603,sugarcane
126,40,57,33.83802561,60.7709699,6.81759354,187.61878278,sugarcane
110,50,52,31.06809321,76.680934,7.2921328,152.62227179,sugarcane
126,53,52,25.65924188,67.59233213,6.81831564,247.03999498,sugarcane
123,43,42,28.031612,75.71663759,6.50051671,155.73466754,sugarcane
110,42,57,27.201339,62.97239967,7.14366206,236.12387621,sugarcane
115,41,53,26.27125211,76.8706282,7.04118459,182.48563449,sugarcane
111,49,54,33.14251076,62.41749881,7.05395404,194.88624194,sugarcane
103,53,54,26.96695821,79.36767689,7.16649108,206.88224793,sugarcane
121,44,58,25.08315184,71.27858276,6.84078548,236.80073141,sugarcane
115,43,42,28.00219952,61.2358626,7.07900117,168.81758774,sugarcane
124,47,51,28.01889728,65.48546679,6.70767918,183.81501611,sugarcane
146,49,43,31.28754014,77.11755361,7.0670973,235.15721039,sugarcane
118,44,54,29.07056927,74.29186451,7.35032964,182.692471,sugarcane
122,42,51,28.23072418,76.96030166,7.30040363,202.35009882,sugarcane
117,43,59,28.07149485,60.68065812,6.61948542,179.80324392,sugarcane
102,50,40,29.36777581,72.70768833,7.20347482,232.57302967,sugarcane
141,48,50,29.04020848,65.18891252,7.36390876,164.1365973,sugarcane
143,51,48,30.9244626,60.87164868,7.04031552,186.33136584,sugarcane
137,55,49,32.2346354,70.13469287,6.51774731,214.5420447,sugarcane
140,50,54,26.96302413,77.33677238,6.81924328,209.15062554,sugarcane
108,45,44,25.98052037,74.84660296,6.77385996,221.08213072,sugarcane
137,50,56,30.01353406,70.93429035,6.928407,206.34732798,sugarcane
128,47,51,26.38036718,60.32872132,7.38616428,195.28913,sugarcane
123,45,58,27.31569753,64.75771879,7.24232349,181.65248427,sugarcane
129,47,60,32.07075607,76.80974388,7.43366498,218.60904207,sugarcane
111,55,52,32.01924671,66.85330984,7.22432272,150.1379601,sugarcane
150,59,48,32.91633399,62.0669167,6.97104414,230.76399174,sugarcane
130,47,44,28.57415348,62.88745708,6.67792717,193.56681588,sugarcane
139,49,50,30.48939896,79.313128,7.1152315,160.32168195,sugarcane
135,50,42,34.05737944,70.73538181,6.63168386,198.04711136,sugarcane
113,49,55,33.64788821,74.76210271,7.06047427,166.75933718,sugarcane
141,51,49,31.327527,73.33430403,7.41547333,159.75530557,sugarcane
105,49,59,29.89646659,69.62012281,7.06527884,205.87153903,sugarcane
128,44,50,34.71940796,64.27046848,7.10564391,222.64006233,sugarcane
115,49,48,32.57786611,66.7822384,6.57893998,209.65783421,sugarcane
124,48,49,26.9103792,72.29154052,6.92531535,159.94521271,sugarcane
102,44,53,32.5025026,70.77474101,6.99757316,211.63956426,sugarcane
101,48,50,26.21553301,77.01562467,7.38502957,207.14201522,sugarcane
139,52,49,31.64961967,64.68758799,7.33713618,211.93485804,sugarcane
127,47,57,29.60756896,72.19567113,6.74627803,165.37632366,sugarcane
124,50,47,30.32146022,78.34329417,6.78743627,182.74712491,sugarcane
129,58,60,32.17952448,78.9369577,6.80244005,154.50473672,sugarcane
125,56,50,25.87247474,62.98844168,7.24973638,180.03526727,sugarcane
129,53,43,25.40565672,67.8258163,6.5289573,226.65631359,sugarcane
145,41,53,26.53594202,75.79825947,7.24999718,154.08249496,sugarcane
149,42,50,29.72404368,67.81759592,6.59074808,227.98190958,sugarcane
145,47,41,27.96932592,76.50108949,6.94216596,247.38359876,sugarcane
124,47,47,34.30785882,68.47947327,7.1897172,209.47054942,sugarcane
107,49,50,28.08683723,62.83415297,6.67712394,215.90635337,sugarcane
145,53,42,29.70113849,62.79315057,6.95398571,243.5105529,sugarcane
130,49,46,27.65835818,63.67845095,6.64151195,186.69954943,sugarcane
129,44,53,30.34471036,74.89474462,7.10389133,168.9450035,sugarcane
111,48,57,34.89158781,72.49417007,7.18391309,174.87390113,sugarcane
137,52,50,32.99633242,66.29782944,7.46750121,153.7782512,sugarcane
146,50,58,29.42947615,77.11624215,6.73148532,213.7519391,sugarcane
104,48,42,27.42742451,70.71082277,6.72466738,232.64614805,sugarcane
102,41,60,33.16664595,61.48438275,7.27234221,174.89408148,sugarcane
115,48,45,31.21432159,79.16478235,6.52974873,189.60120192,sugarcane
127,53,48,31.5009468,79.76007032,6.78900243,206.70737197,sugarcane
135,47,45,25.45878779,72.24325378,7.11840082,185.25063213,sugarcane
127,44,56,32.13515321,70.47656116,6.88663773,214.79095524,sugarcane
147,59,48,25.97512188,72.00374583,7.22575572,201.98819216,sugarcane
142,58,58,34.68797084,67.00410195,7.28654628,155.19687672,sugarcane
124,58,41,32.80754945,64.87808934,6.51390373,223.99678829,sugarcane
106,45,46,30.03142825,60.67227566,6.78484926,223.87214887,sugarcane
139,48,57,27.23897523,63.04899395,7.26533936,209.21714843,sugarcane
108,53,58,29.4697204,67.38665534,7.12400492,174.02429565,sugarcane
139,58,47,27.06787885,61.0390125,6.62843229,245.00254237,sugarcane
117,48,41,29.13303496,78.84781736,6.86093626,203.19184237,sugarcane
121,49,58,25.52587581,70.60952284,7.33318288,198.51198896,sugarcane
145,54,43,25.29229467,68.04503741,6.92352009,188.35994492,sugarcane
112,57,57,25.38512832,76.93349135,6.9921207,234.85624178,sugarcane
145,40,47,26.94588592,74.28056208,6.87813889,201.57970572,sugarcane
113,54,45,25.761721,66.05997353,7.0733696,244.33962325,sugarcane
138,49,43,26.86928921,70.03420956,7.21837033,150.03671905,sugarcane
108,50,60,25.65189432,77.63916267,7.10786729,184.11989422,sugarcane
141,53,42,25.53239071,66.64693183,7.12051365,189.25361259,sugarcane
101,44,56,26.03946673,62.60264853,7.48727474,179.31588399,sugarcane
134,43,55,34.35515462,60.88514655,7.19197635,240.28320496,sugarcane
145,47,58,27.50619052,66.68551439,7.30845748,155.80164891,sugarcane
144,55,56,34.69563077,77.12358702,7.01415975,217.63662051,sugarcane
133,60,54,32.86752653,64.47306722,6.76223155,191.20881646,sugarcane
124,45,41,30.81765993,75.53138582,6.70606749,201.11389686,sugarcane
135,54,56,33.59646171,78.30736631,6.63814677,161.09483044,sugarcane
125,55,43,30.09929112,73.44782832,7.206814,155.41493991,sugarcane
110,57,51,31.77227254,62.9279901,7.47391933,211.41517465,sugarcane
123,46,54,34.835657,60.05909998,6.95255262,181.824948,sugarcane
141,40,41,30.91453388,68.56022585,6.96948332,174.67857797,sugarcane
125,43,42,29.16137855,77.86832947,7.29397348,184.21726788,sugarcane
132,54,56,25.85795214,73.54014743,6.6890058,199.34381113,sugarcane
109,43,50,32.46429338,65.09920474,7.21151045,199.81430214,sugarcane
130,56,42,29.95468458,60.3037916,7.30990323,247.66063945,sugarcane
128,57,50,30.53044931,64.67685652,7.10604062,220.78596455,sugarcane
105,59,59,34.3404388,73.15062211,6.60420327,173.43790005,sugarcane
130,45,48,29.71992894,78.23766937,6.74147089,246.67740035,sugarcane
125,44,57,31.71262421,66.83972159,6.92178137,183.58203664,sugarcane
117,38,42,20.28655529,70.88046091,5.48428583,187.08983324,tea
140,31,55,21.22608225,89.16029258,5.00996535,197.13750163,tea
123,28,55,21.51156068,73.94111314,4.61558044,231.66742878,tea
136,34,57,22.96296374,70.1894321,4.9203148,222.16259969,tea
138,33,43,27.27293996,87.51582966,4.88960281,199.88937089,tea
136,25,52,24.55268367,78.71094835,4.95496874,254.63223449,tea
101,20,40,27.58104176,70.96012544,4.90996929,237.4115457,tea
101,35,55,21.46551175,88.36852895,5.38672724,174.83847382,tea
106,22,55,28.61209094,74.58669273,4.7659554,285.76931831,tea
108,35,48,27.30296858,74.07634235,4.58246834,253.08538481,tea
117,30,44,20.21412617,84.74658143,4.8992797,161.97402132,tea
137,22,51,27.42864745,85.92331885,4.85544159,257.60150225,tea
121,23,43,24.4146007,88.14278769,5.15939882,258.592325,tea
120,33,59,20.25154032,77.38680522,4.54317335,155.90666008,tea
112,31,46,24.61896859,85.27318951,4.6854964,280.01994243,tea
133,31,43,27.94015455,81.46905297,4.60940412,176.51706288,tea
133,21,56,22.0277452,87.51492284,4.67374134,289.6249318,tea
126,24,45,27.04972,79.04258855,5.07664637,261.07620059,tea
114,27,43,26.42519934,74.37923126,5.38963848,291.56441983,tea
117,39,58,29.98903261,83.96345132,5.21159506,250.05343582,tea
136,39,41,26.42014535,70.94193392,4.53146954,275.58828273,tea
127,39,57,27.88517464,88.19597002,5.00894483,211.92791483,tea
132,38,56,22.9282074,73.38426752,4.89448607,194.72960858,tea
108,38,53,23.92014764,89.40405185,5.01935328,269.5940618,tea
137,22,60,22.80843098,84.08364544,4.91875811,194.40142359,tea
117,20,51,27.84456414,78.37756919,5.47406892,245.52825439,tea
136,22,41,26.61562171,78.90190319,4.91607174,225.02128972,tea
121,27,55,23.69667496,78.78117459,4.88402764,191.80184008,tea
116,24,42,22.37578524,76.87826459,4.67059482,261.70665266,tea
110,33,46,20.64553008,84.58225246,4.73828883,256.11784813,tea
117,27,54,24.45730152,72.74569746,4.66809958,270.40575333,tea
109,34,45,28.45659055,73.1454129,4.97526581,187.45076233,tea
128,29,58,25.84550147,70.94942437,4.54219598,158.04378469,tea
126,29,44,26.45802249,73.46218273,5.40611093,289.9254825,tea
118,37,52,25.83246927,84.06910358,5.09132489,204.29226457,tea
128,23,56,20.86103677,80.4106697,5.35079065,298.69949752,tea
103,23,54,25.184312,71.94855725,4.89081144,190.10382094,tea
110,29,52,26.56559866,84.06817319,4.66860058,179.17817864,tea
127,39,52,29.9949009,89.85946562,4.70768597,172.3226832,tea
116,35,49,29.64422376,70.6512846,4.84941908,299.16094577,tea
105,38,48,21.84229451,83.97734635,5.32309798,260.75729486,tea
137,37,56,22.64936133,78.18423958,4.96995894,255.23607082,tea
116,25,42,29.38027602,81.71124098,5.39252943,182.89188065,tea
112,30,56,21.62030862,76.06957593,5.23550819,182.19106396,tea
136,40,57,29.2207489,74.39697278,5.12998145,277.26324053,tea
132,34,52,23.67642462,73.73851754,4.76443114,287.90144077,tea
136,37,57,27.49466983,79.97814921,4.89044424,263.15505783,tea
117,24,59,25.59431828,71.90379485,5.15316346,221.22274834,tea
137,33,47,20.52780507,87.03766478,5.39116695,247.35489954,tea
138,27,55,20.70620716,71.60525742,4.50752688,177.12972577,tea
115,21,54,28.14922745,81.83830247,5.1049882,245.28219737,tea
124,39,50,21.77009382,86.18188001,5.02074807,294.34040907,tea
139,22,46,20.78305636,78.17326835,5.08635913,225.05181124,tea
111,28,43,22.91290409,83.16767638,5.45642162,263.33448197,tea
102,26,45,22.47328903,83.88442471,5.12033165,238.20962417,tea
107,34,56,20.51932149,71.8185826,4.59698904,167.74411922,tea
118,29,52,25.67853497,75.31740257,4.64984381,278.69622814,tea
139,36,60,22.40646247,80.1698643,5.38875024,191.75110731,tea
136,29,55,21.01782764,80.91916398,5.28080217,161.03389926,tea
110,40,44,20.60572959,75.26729216,4.84261979,204.93733201,tea
122,32,47,27.12961011,81.11339659,4.73571706,187.79502417,tea
110,34,50,28.3402919,78.99246966,5.45469336,190.82817008,tea
106,40,58,20.03113043,81.07184514,5.15722861,239.63292965,tea
134,36,57,23.25351984,85.19186807,5.26854877,275.01602459,tea
133,29,57,20.27966341,76.13827365,4.71283656,260.8920295,tea
100,35,42,20.081961,77.94411297,4.97395362,296.49814193,tea
121,40,53,27.0749115,73.91375812,5.20639923,223.96899413,tea
138,34,42,28.91015325,71.11020555,5.0451626,254.81699496,tea
126,28,48,24.44477968,78.79741282,4.93211453,153.98739153,tea
128,21,44,25.82090815,89.89037125,4.98217882,171.53961592,tea
107,27,53,24.4417078,76.46500713,5.19941587,195.09570616,tea
136,31,48,29.85363611,85.43212258,5.44224033,222.19650705,tea
128,27,46,26.06882046,77.03817267,4.81343598,223.61191154,tea
122,29,43,27.99030736,88.86442447,4.70310105,291.93690759,tea
103,25,48,29.30019539,73.31432264,5.07029144,250.41607737,tea
132,28,51,26.69050735,74.85902552,5.07691074,287.1057141,tea
136,32,51,25.38448162,89.80475878,4.85550597,200.27305395,tea
137,37,43,27.7250686,85.22140307,5.25556156,152.34757716,tea
100,31,59,22.11223402,71.45329901,4.77541261,220.48911762,tea
127,32,42,25.41315797,70.53197048,5.20688441,182.23438597,tea
138,37,47,21.05062436,74.71922742,4.5251558,253.66654771,tea
136,23,48,27.28763455,87.36932999,4.50178783,258.97150765,tea
103,38,55,29.96163802,82.0775935,5.29492553,171.08381597,tea
131,26,46,20.38098246,70.43247654,4.59213294,230.56323422,tea
131,39,43,20.71475597,75.84144469,4.52799372,209.68852324,tea
125,35,49,24.36470119,70.76979885,4.61738556,212.46942561,tea
105,32,47,29.48317438,70.40972621,5.29875806,151.71399943,tea
100,29,53,29.61961296,75.27318736,5.36380749,260.28823497,tea
132,24,53,25.91812021,86.5785906,4.87509372,214.36727377,tea
112,35,55,25.42243117,82.54373929,5.42760167,263.12979252,tea
134,32,59,22.78046267,78.26710428,4.99298338,197.26646445,tea
127,27,53,24.78886192,79.92006221,4.61535169,245.12217798,tea
104,35,45,28.19001816,76.04101674,4.68243616,157.41325798,tea
109,36,41,26.87931111,88.91222554,5.47806999,278.64251425,tea
121,26,57,23.46910448,78.18315245,4.94233707,204.5675266,tea
109,24,47,22.56795553,78.62490769,4.59434655,167.05958997,tea
116,32,52,22.01309229,88.13329997,4.80948968,225.66100624,tea
101,28,51,27.3255102,70.71773823,4.57767125,243.96215788,tea
125,31,48,26.14651377,72.01402639,5.20515063,238.73182345,tea
101,34,44,24.52064152,76.29193085,4.66759611,167.13501341,tea
57,33,23,33.33801666,46.04056053,7.70017749,58.39360857,pearl_millet
49,29,24,30.41139935,55.24482364,6.08121824,46.26454734,pearl_millet
48,28,28,34.88689297,57.70200839,7.03148236,52.11305685,pearl_millet
53,26,34,27.33093593,49.08674713,6.87224367,45.98035661,pearl_millet
43,31,35,27.28206208,47.80296229,6.50908854,39.81743732,pearl_millet
46,29,24,32.96400966,47.17051186,6.83852481,42.24843387,pearl_millet
58,33,26,26.83610296,51.01373414,6.7525236,51.22776872,pearl_millet
46,31,39,26.66158955,42.0505375,7.21599523,52.24255169,pearl_millet
44,35,30,31.1558072,50.57449193,6.76532733,40.62133575,pearl_millet
41,36,22,28.10676888,54.73504757,7.7550285,59.22597401,pearl_millet
50,40,21,26.17878308,46.0600003,6.13513261,31.73045561,pearl_millet
40,24,26,34.47188558,42.25337425,7.52458863,52.12551494,pearl_millet
49,27,36,31.74479389,55.26031173,7.97925605,43.34006421,pearl_millet
50,28,33,25.55271245,59.29992989,6.0887401,31.96863743,pearl_millet
42,21,32,25.38568331,52.88365652,7.6475116,40.961985,pearl_millet
42,39,24,34.74642303,49.39153841,7.04025317,57.59538205,pearl_millet
45,32,27,34.30562755,47.62254909,6.15752115,41.70847566,pearl_millet
45,36,33,28.61621051,45.77004847,7.66661018,58.17693624,pearl_millet
45,32,39,25.11556556,59.48074355,7.90982844,35.1718037,pearl_millet
44,39,21,28.81660649,52.32194658,6.85674133,46.89084426,pearl_millet
59,26,33,34.69519033,47.91192581,6.24169076,47.80644151,pearl_millet
47,39,34,31.36565674,57.21735671,6.51610809,59.32793638,pearl_millet
57,32,26,32.9401518,55.01396721,6.91219652,31.26615551,pearl_millet
59,28,27,25.22031334,46.8440057,7.68720329,40.42521302,pearl_millet
49,38,26,27.85446034,58.79724012,6.42160476,55.8490423,pearl_millet
57,21,32,30.85994247,44.22043377,6.38820662,49.01220434,pearl_millet
49,20,30,28.19064237,42.90477982,6.70745496,51.55592245,pearl_millet
49,30,30,25.04490732,42.99358518,6.45030597,54.11221083,pearl_millet
52,31,34,27.4317099,46.31570519,7.24767445,49.26335484,pearl_millet
57,30,39,33.76205257,59.02748084,7.15994848,41.94035414,pearl_millet
45,36,20,32.08058164,49.19292156,7.46906984,54.15519844,pearl_millet
43,27,35,27.28289583,43.4795634,7.6487617,54.4632203,pearl_millet
54,23,28,28.23287141,58.09709756,7.38282562,40.02803211,pearl_millet
47,21,27,26.35002065,55.80866991,6.33836621,37.45006753,pearl_millet
45,20,24,31.66477397,52.19202286,6.76138743,30.90426557,pearl_millet
59,25,27,29.05547435,43.85676862,6.23578436,57.03905507,pearl_millet
56,32,25,30.58393261,56.9795404,7.30676697,38.93669199,pearl_millet
44,20,37,30.66052471,52.07387171,6.63769111,58.30564581,pearl_millet
48,33,28,33.09925463,50.6904248,7.19950077,53.45251268,pearl_millet
55,30,33,28.42531498,43.49048822,6.46510869,37.66991378,pearl_millet
42,26,25,30.06778354,43.60892434,6.79270143,36.33932766,pearl_millet
53,36,28,29.59941479,49.01720143,6.55404979,55.20465691,pearl_millet
57,31,38,31.7908535,40.48343725,6.72621035,38.04176015,pearl_millet
46,22,34,28.85665514,50.7245525,7.62157587,52.77386612,pearl_millet
43,31,33,30.97367606,41.84920828,6.51836891,56.10362128,pearl_millet
44,30,21,25.97085664,48.89972301,7.68943589,31.50416724,pearl_millet
47,30,21,28.403251,43.37806808,6.05203688,51.77880256,pearl_millet
51,27,31,30.57575589,45.31586226,6.37157223,33.98892505,pearl_millet
51,33,34,31.06678908,40.96021447,7.74417216,51.91276937,pearl_millet
49,24,25,28.30991668,57.82451285,6.48908533,46.33588786,pearl_millet
47,31,34,31.10946625,53.17823554,6.23641256,35.35593369,pearl_millet
55,23,33,30.25133612,59.99557702,7.30694815,42.05171315,pearl_millet
42,27,39,32.55963377,42.67583873,7.74829155,42.27707356,pearl_millet
57,28,26,28.16837603,58.97089939,6.05896202,34.28951676,pearl_millet
57,36,23,29.54455207,52.82463307,6.70629014,46.44833367,pearl_millet
51,37,21,34.03468152,57.56161234,7.41784732,50.89136448,pearl_millet
51,39,40,31.01414636,45.79663299,7.35231076,46.07820665,pearl_millet
41,25,35,28.36431126,46.82030618,6.08133675,58.79184958,pearl_millet
42,28,40,25.42984559,43.14384428,6.74454271,33.25242671,pearl_millet
45,29,38,34.18779193,40.27192126,7.46985992,57.35466005,pearl_millet
40,28,27,30.74226221,57.66128581,6.61853558,53.72867132,pearl_millet
48,25,34,28.8120575,53.66115443,7.11712891,54.61765032,pearl_millet
59,38,26,30.8376923,49.4966808,7.34964877,32.00542963,pearl_millet
46,31,27,34.40310856,50.47777695,7.41317147,30.17206979,pearl_millet
46,30,21,26.7334202,43.8707925,6.67121393,47.76468499,pearl_millet
41,32,20,29.50109115,58.85702498,7.73774111,43.26194969,pearl_millet
51,22,35,30.25278588,42.58776691,7.05312494,37.65768135,pearl_millet
56,28,22,34.04524162,55.65935181,7.95948644,38.75140954,pearl_millet
52,30,30,34.66243976,58.12293664,6.84351337,34.28282496,pearl_millet
47,24,24,28.28062333,43.12244023,6.57831579,36.73088311,pearl_millet
44,37,33,28.24538963,56.49747649,7.87381063,43.49119775,pearl_millet
53,39,30,26.40803017,53.79741449,7.0697582,50.86810663,pearl_millet
43,39,38,33.74566532,41.66796249,6.30271624,33.71066513,pearl_millet
51,34,21,25.2685651,41.42136838,7.46278684,32.53408576,pearl_millet
50,39,36,34.76102919,55.85532182,7.18207589,46.83268942,pearl_millet
52,34,21,27.36954868,57.00587255,6.48495361,43.78294434,pearl_millet
50,38,39,27.4994924,44.17988514,6.05285693,41.65342681,pearl_millet
57,29,23,31.31624809,52.80638725,6.43197518,56.41826556,pearl_millet
42,23,35,26.42659639,58.48508846,6.65872064,32.85168753,pearl_millet
43,33,35,31.46505796,59.69626402,6.33926331,58.53856496,pearl_millet
42,36,40,30.86649615,41.7829096,7.46713286,47.06802691,pearl_millet
41,35,37,31.48182601,46.58108274,7.64749316,43.68727665,pearl_millet
56,37,30,28.69060041,46.07657092,7.15918458,48.66636256,pearl_millet
45,29,25,27.42778832,57.65576338,7.77525121,38.40531804,pearl_millet
52,38,28,27.34770262,46.28136407,7.57203356,42.04176664,pearl_millet
44,36,27,33.25938019,44.58053994,7.62789851,34.7908965,pearl_millet
57,40,23,26.79809091,46.85263712,7.330121,56.72829187,pearl_millet
52,36,27,29.16627644,46.01245522,6.14099364,41.27422301,pearl_millet
52,36,33,28.2678261,50.65525637,6.77178996,53.79269289,pearl_millet
45,33,26,26.76033829,41.32496224,6.304441,36.232971,pearl_millet
44,36,26,30.01737,42.9903577,7.83617241,59.7783823,pearl_millet
51,35,28,30.49152293,44.68872271,7.74558888,43.00677378,pearl_millet
49,29,30,31.53765162,44.43918917,6.35962217,56.00490616,pearl_millet
46,30,22,31.30196902,55.03670569,6.56818203,38.86529003,pearl_millet
45,22,26,33.05669261,53.85562465,6.7709811,56.4061911,pearl_millet
58,39,37,32.73764716,49.18958997,6.98429961,59.87966167,pearl_millet
57,25,24,25.36182224,49.15889814,6.57812767,40.80894251,pearl_millet
52,37,39,26.64447793,56.22009525,7.58428578,45.82243863,pearl_millet
57,20,26,25.37712014,41.28142445,6.15821554,46.14896377,pearl_millet
49,32,21,34.39644871,40.69690444,6.09564303,39.67679621,pearl_millet
62,46,31,27.33632564,53.56129398,6.78037825,54.5963173,sorghum
64,40,34,27.630998,50.50880389,6.88342442,72.03187873,sorghum
70,39,37,27.01662764,43.09385822,6.49759255,41.52922171,sorghum
63,44,40,31.83894392,51.13600005,6.35482018,65.58898285,sorghum
80,31,41,30.81145589,51.35479166,6.2469212,41.23845332,sorghum
77,33,37,30.10417204,46.76723407,7.18425736,43.80499584,sorghum
68,37,31,28.70313197,54.52356381,6.95396708,69.69380278,sorghum
79,30,41,30.01336836,41.39152816,6.66298017,57.77970386,sorghum
68,40,48,28.3430529,45.69060283,6.1950862,65.707814,sorghum
77,47,36,28.52318235,53.78641484,7.22607903,72.400456,sorghum
60,35,40,26.96986906,47.79185376,6.06269898,43.45235471,sorghum
78,41,44,25.05125925,57.60101756,7.47830757,55.91069214,sorghum
65,35,48,25.9746985,46.32902527,6.1909424,45.91113059,sorghum
64,39,33,25.46773792,43.08991215,6.19255866,48.70100949,sorghum
68,36,31,29.84414204,51.67788545,7.15873412,40.11141908,sorghum
75,38,48,31.5297693,50.04234922,6.84961295,61.14633072,sorghum
69,33,50,26.03565701,54.85769127,6.5732789,49.4791831,sorghum
80,48,40,26.04504585,59.16088418,7.34050087,63.31453867,sorghum
78,38,41,26.01841937,50.64083394,7.3755055,44.72148762,sorghum
66,46,31,28.81569845,56.91945615,6.03767222,46.61373587,sorghum
70,32,47,27.35718979,43.60269935,6.92455186,71.82825833,sorghum
68,38,42,27.45710201,46.74168016,6.94068265,47.46558622,sorghum
80,39,35,27.32809653,46.93378257,7.16725566,60.24016638,sorghum
69,37,42,30.56880992,48.47096496,6.9713586,44.47873615,sorghum
62,49,33,27.16378584,50.95489235,6.9681334,48.93134347,sorghum
68,46,39,28.1084572,53.29720666,6.89577417,50.06488524,sorghum
79,38,31,29.13390302,46.57918403,6.70470728,60.79077001,sorghum
61,39,32,31.27658942,55.89684543,6.80682361,49.43225036,sorghum
79,49,32,30.18049599,41.69098309,6.27342108,41.6086032,sorghum
76,33,38,29.21423766,44.26299764,6.21699896,44.65080389,sorghum
65,44,36,30.72546914,52.3281766,6.27096755,51.28257165,sorghum
63,36,46,30.35874696,42.69065184,6.81606199,61.94801585,sorghum
69,48,31,28.31735026,44.88544776,6.94456349,44.88698074,sorghum
76,41,44,26.80777627,50.5277978,7.44956485,52.32225787,sorghum
62,36,45,31.63911929,47.02153783,6.02120978,74.66583704,sorghum
68,43,45,25.0829153,54.97686737,7.49414693,72.3421858,sorghum
61,41,47,29.72431707,44.14902989,7.26892953,58.75476167,sorghum
74,36,42,26.72802596,59.76504171,6.17067287,48.1365758,sorghum
77,45,45,31.088486,50.20100326,6.07939255,47.23007901,sorghum
75,39,30,27.12129956,58.9894384,7.21114226,66.47923165,sorghum
64,48,45,28.79168865,56.47088196,6.70555475,71.07588769,sorghum
64,45,37,30.39681923,59.85726447,6.3141516,48.43332453,sorghum
68,49,46,26.34654372,41.65116533,6.56401192,44.97447682,sorghum
76,45,39,27.45720625,41.9107704,6.98147247,42.78175038,sorghum
74,50,34,31.93318372,40.50657459,7.43995036,43.58429813,sorghum
69,35,34,29.55477201,43.25740034,6.85485669,70.92001407,sorghum
62,31,37,26.20194131,40.27016274,7.3416005,57.15081646,sorghum
64,48,36,25.16034884,48.81316958,6.27920747,46.4130742,sorghum
64,30,46,26.45228371,48.42385906,6.89142944,43.96349164,sorghum
77,31,37,29.98062042,42.40137326,7.35197073,64.35718002,sorghum
74,46,45,29.0486423,54.45287126,6.85373832,41.78674459,sorghum
66,47,31,26.82969193,41.52765595,6.78321412,49.45452974,sorghum
65,33,46,31.09147807,59.28361864,6.39016707,48.87361329,sorghum
61,34,45,31.42511825,52.44183728,6.92896251,69.57413253,sorghum
62,48,39,30.55103269,46.90896725,6.37028211,73.44670418,sorghum
79,48,41,28.89102855,50.20445954,6.77382187,49.03502516,sorghum
76,31,40,30.02132424,45.36066161,6.79003187,41.32497524,sorghum
71,47,42,25.682334,41.77394296,7.3686658,69.60379069,sorghum
63,42,40,31.8273074,46.57693668,6.60256072,71.19373731,sorghum
71,31,31,26.9723685,56.38003009,7.13701958,46.50702992,sorghum
79,40,46,31.93324757,59.18691577,6.23432657,43.0889424,sorghum
65,32,35,29.81162593,57.63589011,7.23640584,53.21410134,sorghum
72,38,40,27.62717752,59.76237513,6.04837321,69.50829444,sorghum
71,41,46,30.56254682,59.57697867,6.56343883,45.06846442,sorghum
73,35,44,28.58252778,55.49400081,6.5694457,67.69459844,sorghum
61,32,35,29.77279994,49.45822937,6.04440519,63.98809835,sorghum
68,38,42,30.78217854,55.74210287,6.20301483,40.56579623,sorghum
75,34,38,28.42577028,47.42139404,7.12521885,62.30930668,sorghum
69,37,40,28.0948219,49.64516529,6.27604636,73.85152428,sorghum
77,31,42,26.50155197,47.06979268,7.37472752,55.27562863,sorghum
76,31,30,28.69233881,45.51157893,7.47734038,49.42720589,sorghum
79,43,39,29.65352228,49.40759579,7.14376278,60.27039962,sorghum
77,35,41,29.30600503,56.58106035,7.26858948,59.30547985,sorghum
66,39,34,26.48143118,44.0929656,7.13077618,74.02183612,sorghum
78,33,38,26.90625862,57.94103809,6.75883844,74.56270109,sorghum
70,39,31,26.78741356,52.31191934,6.83592409,53.87644186,sorghum
60,32,45,25.38374847,51.49265325,7.36801233,56.48681347,sorghum
77,31,33,30.03996641,59.29694987,6.33573791,59.10662586,sorghum
74,48,36,31.50569742,40.77268531,6.32145557,53.20232726,sorghum
74,48,39,28.12426703,41.10276949,7.1354924,48.56804884,sorghum
71,42,47,31.72865263,52.86871797,6.3364131,73.57505253,sorghum
74,42,47,30.4414718,56.61675394,6.82256227,58.04806771,sorghum
72,50,36,31.26831549,45.71733217,7.02698905,58.52266768,sorghum
77,39,41,30.05054055,52.28617354,6.92707474,71.30958635,sorghum
72,43,40,27.63053107,42.16693677,6.31268848,68.57090172,sorghum
67,45,44,29.3442062,43.90795708,6.97818679,58.68165301,sorghum
65,32,36,30.2064959,53.25055211,6.97878182,40.54811853,sorghum
61,43,33,27.4330746,56.72464765,7.3205029,60.8138262,sorghum
80,32,34,25.30327227,58.30725633,6.9636861,70.46161828,sorghum
73,32,48,28.64644234,44.53636254,7.21028467,45.98565466,sorghum
63,44,46,30.95998766,50.50707234,7.40258015,55.6846343,sorghum
72,40,46,30.69470269,44.75772676,6.55241752,66.16011504,sorghum
63,47,30,25.78825803,53.08937011,6.62305209,70.53930492,sorghum
67,33,50,30.19637594,52.31257164,7.30155621,66.29203169,sorghum
63,37,47,30.93635442,55.36583364,6.78633295,50.0448813,sorghum
64,33,42,29.51271935,41.44796649,6.54011105,65.22804304,sorghum
74,39,33,28.10887635,49.22426021,6.10591008,65.7742625,sorghum
65,33,43,28.1843744,58.19580369,6.70426277,41.26911533,sorghum
69,49,40,31.75179139,54.37324703,6.8856729,65.24906168,sorghum
70,37,32,29.83504137,59.31521977,6.52725794,74.63781851,sorghum
35,53,39,20.16769871,68.27042241,6.65249196,88.05801863,soybean
33,43,49,27.80734666,57.59698947,6.69512404,99.92190449,soybean
26,54,44,24.85199149,63.53309008,6.56652203,75.67934336,soybean
32,58,46,29.031056,56.78707214,6.16505666,76.15498595,soybean
23,44,33,27.74236175,58.50007421,6.32155323,67.32946427,soybean
23,56,36,20.46517912,55.13140453,6.05524937,62.57272422,soybean
20,52,30,24.89103307,51.78304533,6.1431754,97.72366887,soybean
23,48,34,24.31245952,55.45031089,6.57812103,65.81830001,soybean
21,41,49,21.21752021,59.21622902,6.04955118,90.63061113,soybean
22,44,32,22.48366483,63.09857967,6.30601356,89.96714276,soybean
33,46,48,20.73699679,60.56982154,6.14566966,71.37625655,soybean
36,54,48,26.67348498,58.02404207,6.9439396,98.04596134,soybean
27,58,36,22.60827654,53.45591124,6.21804242,87.27186064,soybean
32,41,39,24.19088256,53.3445769,6.49322894,91.30052382,soybean
37,54,31,24.4725714,58.04886586,6.6447769,79.67339396,soybean
40,46,32,23.61593495,64.09363971,6.49846239,61.15771675,soybean
25,46,37,26.20177213,69.2271857,6.88789017,65.33651455,soybean
38,58,49,26.72892411,69.38719924,6.8103847,93.46211853,soybean
21,58,50,26.69270718,50.89169589,6.23762746,67.68521798,soybean
29,50,42,28.39133359,50.07265399,6.08452198,98.44119972,soybean
38,54,41,29.02251585,59.36295539,6.788716,81.10375034,soybean
25,43,35,23.75253561,67.8213281,6.74957564,72.74157067,soybean
20,59,33,27.03495431,53.36232595,6.73221173,68.99992306,soybean
25,51,37,25.35908146,62.73631918,6.46529023,76.02061127,soybean
37,60,39,25.59443239,66.40141767,6.27263845,73.5608614,soybean
28,43,32,22.71133239,65.65634395,6.03441745,84.06719377,soybean
24,49,43,24.11278807,58.12047873,6.21644905,75.10813326,soybean
40,51,43,23.0962317,58.21614386,6.01319482,70.48489171,soybean
32,43,40,28.87457698,54.44726622,6.34417719,74.81196519,soybean
21,47,43,24.66408677,54.92667172,6.78260118,62.76763392,soybean
29,54,50,23.33856524,63.79828714,6.28987285,91.477376,soybean
29,48,39,29.19344306,53.41113975,6.43080994,61.96149486,soybean
29,55,40,21.66763375,62.94788113,6.89326554,97.86448336,soybean
27,46,44,27.12677279,57.02896655,6.48642666,82.96608313,soybean
28,54,40,21.51042829,60.12123857,6.89743093,81.58700433,soybean
26,45,45,29.27663971,65.27026311,6.79113578,90.84263706,soybean
35,42,48,25.05132968,58.63451008,6.81856599,74.26061579,soybean
39,56,32,23.34485831,56.53730422,6.7254748,69.135274,soybean
24,56,41,26.43309461,65.31714181,6.16627494,69.35288827,soybean
31,58,47,29.55705796,52.79321953,6.40782699,64.92917694,soybean
37,60,34,23.62172078,57.14770365,6.32793824,79.78469592,soybean
24,53,33,23.60262134,55.84711129,6.64305314,90.57505216,soybean
33,44,42,26.42156137,69.61226654,6.53945265,98.66380465,soybean
37,41,41,26.57422448,56.84327709,6.76705196,84.49027567,soybean
25,53,42,27.34643645,60.73795955,6.99657986,67.23740742,soybean
25,56,38,29.86926709,54.4118944,6.28329021,98.2687784,soybean
24,59,31,21.50493126,54.9250248,6.88542926,91.65666623,soybean
35,41,34,26.87470977,64.9710685,6.71350034,71.64999134,soybean
31,41,45,21.71706508,58.33148464,6.87344605,81.52333372,soybean
33,48,46,29.57163615,60.19903117,6.85428556,84.6104468,soybean
28,50,39,22.29078435,56.44052535,6.02808743,92.58118879,soybean
21,58,48,22.42351799,64.78113985,6.58094979,70.73544229,soybean
23,51,44,25.66767062,55.59419487,6.50571148,84.87325359,soybean
20,60,41,29.67184014,51.02006552,6.7618083,80.83890578,soybean
20,52,42,27.25368827,63.68045691,6.97639238,62.75293483,soybean
22,43,47,26.78124111,66.62379187,6.84629364,72.29594355,soybean
34,43,45,28.05498878,50.31875478,6.55269447,63.27155407,soybean
25,48,40,22.68685259,69.43282785,6.93769007,77.05002771,soybean
26,52,41,22.68152029,63.56081124,6.4409693,91.00317052,soybean
27,41,44,28.19937512,68.73488552,6.66950364,87.63298013,soybean
27,45,38,27.58969737,53.98649834,6.70431379,80.36367903,soybean
34,45,41,20.00124432,58.91847366,6.57694553,79.69803154,soybean
21,51,42,21.49672058,59.98493384,6.50430093,83.90479278,soybean
35,46,31,27.69413175,64.59929339,6.30789246,76.08020579,soybean
39,57,32,22.982027,51.45219864,6.07077698,76.8287631,soybean
33,43,46,28.71793654,54.48319228,6.42783648,64.82342381,soybean
32,56,36,26.39426963,63.80275787,6.20830907,78.50156817,soybean
29,53,38,22.56354157,62.7111567,6.35267636,73.10971579,soybean
20,60,39,28.53384769,63.0692412,6.89094801,81.19551549,soybean
21,45,34,27.77465784,62.58727631,6.42444957,76.35536025,soybean
27,53,38,22.68663353,56.86589117,6.50091619,79.33384263,soybean
24,53,37,25.78944014,54.70257274,6.65248645,88.11772422,soybean
29,49,33,29.23377956,51.50873623,6.61461453,63.53971289,soybean
31,45,31,24.67770832,61.72062145,6.21089433,68.55124752,soybean
39,41,35,29.85426163,54.24519286,6.10823641,99.22538204,soybean
22,47,40,27.81939395,69.23422274,6.97094545,75.88059625,soybean
23,47,47,23.96497832,60.85495761,6.16582939,95.55562621,soybean
26,51,37,25.692815,58.52375184,6.59707086,60.72065803,soybean
26,46,43,21.59402699,64.13816029,6.69963219,72.80367535,soybean
31,56,37,24.31660045,57.5894769,6.53972036,92.08862853,soybean
25,42,34,28.64553923,51.3475871,6.84309651,99.2007982,soybean
21,51,50,22.52948071,64.77001435,6.53302425,91.60661696,soybean
39,44,31,26.8914706,56.04063023,6.32388993,67.42385954,soybean
34,48,43,27.82157309,61.22951965,6.61964117,79.8009178,soybean
29,49,40,20.78375803,54.24513972,6.91439042,73.81411322,soybean
25,52,45,23.27292207,69.38923697,6.54210903,92.20126504,soybean
35,41,35,22.08375341,52.63271134,6.31976,64.76744858,soybean
33,44,32,23.46045076,58.07115832,6.2832393,98.98717326,soybean
27,41,36,22.77031065,50.11190664,6.56389747,63.19500695,soybean
25,48,41,25.3729098,65.95237923,6.76603538,85.39275964,soybean
38,42,47,20.094063,59.40549298,6.21391538,98.93228396,soybean
29,47,38,28.81142005,69.76603147,6.53122265,90.88440775,soybean
30,47,46,21.06580919,65.01328007,6.76644017,97.60949114,soybean
28,52,34,24.3797336,64.58367819,6.13299047,68.05061182,soybean
31,50,36,25.81039937,62.57045614,6.4618229,61.0974637,soybean
36,52,39,26.88269296,63.61876829,6.97151147,61.00625188,soybean
30,54,44,20.39162527,69.24896555,6.91928829,81.04255489,soybean
22,57,39,26.79264438,68.83573103,6.52040444,73.89140689,soybean
37,55,35,29.08095964,63.16293483,6.54440341,68.27980563,soybean
37,59,30,28.16153785,61.02678149,6.32045973,80.39322551,soybean
84,56,88,15.79029549,74.3782774,6.3197892,67.04625715,potato
85,58,96,18.19292255,75.24669895,5.50328188,76.22580329,potato
116,42,88,15.62745396,65.4886206,6.17975042,70.89744932,potato
119,54,111,15.69761176,77.2010102,5.64760719,76.44670997,potato
101,48,85,19.52494596,79.68611482,5.86373082,71.73108264,potato
92,43,108,19.54908697,77.38113766,5.977644,77.38679279,potato
98,42,93,17.86961544,75.03945833,5.57158509,56.15339124,potato
100,42,91,17.60970999,72.18532644,6.41211748,60.58214482,potato
94,58,81,15.18236514,73.17092097,5.93262789,76.52643969,potato
92,51,102,15.44535283,61.86020267,6.01976568,71.360616,potato
87,50,97,16.7399128,70.06983211,5.80881746,53.69818979,potato
98,58,104,17.15929036,62.41620044,5.787676,61.18554484,potato
101,50,97,17.83356338,77.62551373,6.0774408,70.6212945,potato
115,53,84,18.8452336,71.01743058,5.94170323,58.27648066,potato
104,52,108,18.00641936,79.05153006,6.36090263,76.38728192,potato
102,49,92,15.78611379,67.65134573,6.16949092,76.99036184,potato
85,59,102,15.66730163,62.86306752,6.0659364,77.8560651,potato
100,47,120,15.7763216,74.68122095,5.95076966,76.03510888,potato
111,47,119,16.29358643,63.68003984,6.17794797,66.72827618,potato
119,54,118,16.29192479,65.79046004,6.40122663,74.29616233,potato
103,47,80,17.61859706,62.65224134,6.24903191,73.54956033,potato
98,45,112,15.47364209,68.22492773,6.24614294,71.76557546,potato
107,47,83,15.21435041,71.90765739,5.82008812,55.30413232,potato
100,60,111,17.57299467,67.16763049,5.95695659,55.38452748,potato
94,42,106,15.53124707,60.55782248,5.54799355,64.24306076,potato
89,53,84,16.20603651,79.02311049,6.42142667,57.40269716,potato
83,53,82,19.01338244,73.89380083,6.42793352,67.70205305,potato
100,60,106,15.57507592,61.67661817,5.77883867,75.87312302,potato
112,59,107,15.57793871,67.01845625,5.61093883,53.44027047,potato
80,57,98,15.23845175,63.99957016,5.6797948,62.28405402,potato
86,60,110,17.06994375,73.20054293,5.56051216,61.31426607,potato
112,52,102,16.92003754,75.27187149,5.83082616,56.95024255,potato
93,60,110,16.14591211,61.69900075,6.13982231,54.93822435,potato
111,43,87,19.19696203,66.3655011,5.61535783,65.55157584,potato
113,59,114,17.40956148,70.87899963,5.81970699,51.69073522,potato
116,50,102,17.55525919,76.3409444,6.37001032,50.3251769,potato
116,51,95,16.04836515,65.02279539,6.09707152,78.28885137,potato
83,49,81,19.95015354,71.9457922,5.90873635,73.92308796,potato
106,42,114,17.0426152,63.02122014,6.21908521,54.93077888,potato
114,51,88,15.53844132,66.15205858,5.62288955,50.61881899,potato
90,58,83,19.12386545,62.09558453,5.52998636,55.42382073,potato
107,57,103,18.14932877,63.87061835,5.56414646,53.79649164,potato
108,51,112,16.45299258,70.74348703,6.19214171,54.78635572,potato
105,57,100,19.23636529,65.5062273,5.8918004,73.48174899,potato
111,49,95,19.32291257,69.61110537,5.89465162,53.77125112,potato
83,53,107,19.2939787,74.39256146,5.9978093,67.26778029,potato
109,41,93,18.27409026,71.80952401,6.25279521,75.55237372,potato
94,42,107,18.63733891,74.94187519,5.75653067,78.38811415,potato
110,54,99,15.69626147,69.05946535,5.73889654,57.02655241,potato
91,41,119,16.32240812,78.45448812,5.61765631,68.26476484,potato
113,41,111,15.25936828,60.62996102,6.21042415,65.7680639,potato
102,44,103,19.51126955,76.30209118,6.25853526,51.04940928,potato
83,56,82,15.04956774,62.45085971,5.65574804,61.95347322,potato
92,41,107,18.29815928,67.37885323,6.14901749,51.85229051,potato
87,47,95,16.28389149,65.08958192,5.71772363,77.68059589,potato
102,41,104,16.45893267,76.08711987,6.18944647,68.92402481,potato
92,53,82,17.06253812,65.48982889,5.77929823,73.60129637,potato
88,55,103,19.29595467,72.39259915,5.74937492,61.73486389,potato
103,48,96,18.62558409,79.01307151,5.82121719,75.87069449,potato
81,46,95,15.3114129,67.10231117,5.53680424,57.74433876,potato
120,53,105,16.79283764,78.859952,6.28898887,64.84603503,potato
100,46,95,18.40617337,64.10108272,5.75658999,55.03644957,potato
110,59,114,17.60103681,76.95927987,5.9638951,52.12106493,potato
99,59,84,17.04542549,79.94438767,5.7409627,78.96639184,potato
102,49,102,16.19835184,68.64791123,6.29632277,53.48389884,potato
99,48,95,18.05335797,79.99490263,5.94742895,64.05989639,potato
114,44,87,19.75977773,72.39195174,5.64871994,76.01795459,potato
108,57,88,17.79923061,74.86253598,6.10481473,79.76613231,potato
99,53,94,19.52128655,79.70170322,5.86381832,63.20075566,potato
93,51,89,19.23450495,78.97811429,6.38153002,72.87657433,potato
96,58,102,18.35354076,74.9293199,6.10102577,53.42243874,potato
92,49,117,17.23676795,62.43367079,5.54691868,70.22849708,potato
103,46,113,17.77059736,64.16717154,5.95512924,57.7851904,potato
81,60,103,16.70641972,76.66329639,5.8013557,55.84951399,potato
109,43,117,15.79764063,78.83589553,6.01634864,72.16018122,potato
97,45,97,15.3040249,75.70754446,5.96152695,63.07552868,potato
96,42,88,16.93667251,63.68687055,5.78663237,67.05901015,potato
116,44,117,16.72396631,78.66327848,5.74488074,63.17541704,potato
82,55,103,15.14052818,73.45615202,5.54179879,54.99504762,potato
108,53,83,17.35154852,77.62610563,5.83809564,62.09884696,potato
98,45,101,19.43180642,62.74472064,5.86919065,58.73792249,potato
88,53,117,17.31778335,66.01202206,5.77871352,51.4961506,potato
119,55,117,15.44562058,62.32444978,6.42090689,54.59969455,potato
110,47,85,15.27630835,72.74038923,5.65288443,52.28123161,potato
115,44,96,16.37966519,71.6459172,6.36184848,50.00295146,potato
106,49,116,17.22045177,66.8843527,6.02552173,61.1057883,potato
103,55,84,16.37450808,73.51786363,6.35278215,50.94562351,potato
91,47,97,15.822267,76.15223059,6.49471308,75.77522727,potato
117,47,90,16.76492171,77.53002401,5.90039502,53.71438241,potato
89,56,99,16.70316573,61.20303913,6.11149463,66.46397516,potato
106,49,81,18.97349103,69.78658841,6.43623833,53.42590533,potato
117,57,83,17.09267952,74.70269625,5.81309349,72.18724126,potato
91,43,94,16.70848915,78.55338556,6.1822523,71.45467146,potato
93,43,90,17.85498021,61.54193345,6.05526949,79.92848296,potato
95,49,108,15.01961878,65.60356603,6.49333676,58.17819999,potato
110,55,100,16.32923811,66.28106018,5.99627631,58.39546588,potato
87,49,98,17.5507871,71.7334256,6.27867685,66.03849358,potato
84,43,84,19.82802915,65.11662644,6.23350394,65.53056416,potato
90,54,83,18.93884507,78.27247907,6.3238846,63.72108449,potato
116,42,91,18.74602491,77.15223582,6.01859127,58.84300022,potato
54,22,35,24.09961964,65.30651071,7.3814456,41.92496368,mustard
59,37,34,22.19087695,53.43596517,6.67375103,41.86300432,mustard
50,28,35,17.51449058,50.92625605,6.53297658,53.28007232,mustard
51,37,25,18.40761756,58.62159844,7.4449639,65.6631338,mustard
60,36,21,16.92303055,62.23937903,6.98706615,57.20269372,mustard
57,35,26,15.48023167,64.11929597,6.5110908,62.44408332,mustard
44,40,31,15.43404158,57.67902597,6.25396662,75.72330798,mustard
54,33,40,24.39947802,69.90900263,7.49283384,68.1720958,mustard
50,28,35,15.06626465,57.31072879,6.78117422,44.95331182,mustard
49,37,38,21.49884769,56.96898007,6.83996298,70.59346716,mustard
55,28,37,19.55276467,63.02624001,6.16666296,51.51455379,mustard
42,39,34,19.54254175,68.32150262,6.99768845,72.08957936,mustard
54,33,25,23.494201,50.65452233,6.92662549,74.6288123,mustard
59,26,24,20.88972565,51.25262182,6.17988621,78.3079528,mustard
45,23,26,19.77643858,64.02353182,6.51002448,67.14968818,mustard
46,35,23,23.74953652,57.75189062,7.01038225,56.42830205,mustard
58,27,28,20.17015783,62.55425036,7.02039234,51.80176864,mustard
41,35,38,21.14641638,57.35902107,6.02911552,63.56608294,mustard
44,30,20,15.4774826,64.01374039,6.78768186,62.37357963,mustard
44,25,22,21.27906798,55.97893702,6.683398,64.90790202,mustard
48,33,37,22.38426422,53.23129721,6.15836791,45.08592164,mustard
53,20,34,19.10878523,66.612959,6.58776102,60.25359723,mustard
41,39,30,19.12590956,64.26138965,6.48907784,64.38174475,mustard
52,38,24,21.24865566,59.03502666,6.66490864,45.16005106,mustard
58,34,25,15.90796534,51.40282923,6.58049912,40.39687843,mustard
59,27,34,19.47076632,69.07146502,7.49287435,51.86360004,mustard
49,27,29,18.83388794,50.64553525,7.21848529,57.49864892,mustard
43,37,28,19.36789135,61.48897554,7.36964823,50.27896514,mustard
42,40,22,15.56696285,54.72755946,7.29113637,76.41725082,mustard
52,30,25,24.6821406,68.83135619,6.46844571,43.93226936,mustard
48,31,23,17.72677414,50.92090945,6.47929361,65.89687347,mustard
56,37,39,23.86379655,55.98808551,6.40614937,69.51720098,mustard
53,23,30,20.59304733,59.82645855,7.4244749,77.73065805,mustard
50,39,37,21.31803097,58.65781572,6.59670937,43.4305769,mustard
47,38,26,17.21402832,56.06572921,6.49133458,57.21842975,mustard
55,27,25,18.04151935,68.7012598,6.45186495,40.35026849,mustard
57,39,39,18.60263379,50.6488889,6.48008931,57.5975235,mustard
48,33,36,19.48244346,62.08438192,7.27726314,46.67054374,mustard
42,40,32,23.77883854,57.46868408,6.66656556,50.50215448,mustard
50,38,27,18.76633269,65.21136277,7.23315712,44.98993425,mustard
41,22,20,16.28657486,69.36533385,6.01801632,79.62816733,mustard
41,27,23,15.35601672,62.34722315,7.19462234,78.07398152,mustard
57,21,34,17.24063576,50.13807663,6.35422093,54.96783917,mustard
41,37,30,17.1652894,53.93770816,6.94527602,71.62621188,mustard
48,26,22,20.10357949,61.42546658,7.09888452,58.12445332,mustard
55,26,25,19.57178965,66.21122003,6.62155166,63.14950559,mustard
44,30,20,24.939906,60.86949937,7.14670206,79.09112786,mustard
42,25,30,23.16967837,58.74628485,7.23626419,57.01929007,mustard
43,40,23,23.7714663,53.74166232,6.67082347,73.74691267,mustard
60,32,33,16.38063206,64.34573938,6.38102769,64.16408009,mustard
45,33,29,19.78109324,53.9181546,6.11161197,70.79099126,mustard
49,28,39,15.32492706,56.27928892,7.32959957,72.86659421,mustard
54,33,23,17.45931827,67.78009646,7.05646874,62.74395358,mustard
47,39,35,19.28604275,65.58343033,6.86048756,58.84732807,mustard
49,32,29,17.97942002,58.49267558,6.94201353,48.67063036,mustard
56,38,25,18.18498677,67.78215064,6.97210695,69.95790947,mustard
56,25,34,17.09219202,67.70629519,6.21288495,63.07780425,mustard
55,34,33,18.38923846,50.35054202,6.31700231,43.14406467,mustard
45,33,27,21.38295331,53.4962126,6.58583324,43.19623244,mustard
41,35,38,16.36579811,69.80365329,6.8283894,62.9114527,mustard
48,26,37,23.3153264,52.85315554,6.00451415,56.28857278,mustard
41,40,38,18.56727634,51.02230251,6.88421251,75.17521134,mustard
49,28,34,16.16229992,69.28282087,6.54300297,77.4140943,mustard
47,34,25,16.04388187,50.87297718,6.9941423,68.98824265,mustard
47,29,24,17.68124819,57.85915873,6.57886867,65.20469023,mustard
41,24,29,21.49871695,56.36865503,6.67141512,59.67740713,mustard
50,38,33,18.86742255,63.51550918,6.63803058,64.57195456,mustard
50,20,30,18.73443144,64.86474662,6.34319327,48.87814872,mustard
42,28,22,22.42604823,66.26425371,7.3679317,53.58104914,mustard
53,20,38,20.0423424,69.77506309,6.74710912,58.14290029,mustard
43,28,21,16.14774758,57.54232993,7.1734444,48.66398155,mustard
60,27,36,24.13915322,66.14408006,6.27063561,53.83976802,mustard
56,37,22,18.13535406,51.39939152,7.26398878,43.64423187,mustard
52,37,28,24.74628598,63.38769249,6.64170264,64.50712372,mustard
44,30,31,19.72725696,57.11047574,6.64072489,66.25922975,mustard
56,27,22,23.69505002,64.03035754,6.82047645,48.26326868,mustard
52,35,30,16.31142482,67.68181501,6.70129318,56.94145191,mustard
60,37,37,18.91960904,54.14857282,6.85758408,74.98411403,mustard
41,23,36,20.46719837,68.1239907,6.56061301,79.9725069,mustard
55,25,29,19.76382892,63.24193892,6.93054384,53.87312143,mustard
40,26,21,17.99628266,53.51197827,7.1354829,47.35579852,mustard
50,29,38,16.88914506,67.16307171,7.14324137,57.20329983,mustard
45,39,33,23.78567295,50.3635843,6.68528716,69.7259846,mustard
49,34,22,22.83852385,66.27673631,6.86715416,47.95196744,mustard
50,34,28,21.7025703,60.67630589,7.26686293,73.78022925,mustard
47,26,23,17.52135663,55.1632194,6.44853854,75.49815621,mustard
56,33,24,19.58095367,67.2786274,6.84162429,71.48772528,mustard
60,33,22,23.92756023,50.64792381,7.0177428,44.21655534,mustard
56,33,34,18.64427725,51.82256436,7.33804494,53.73142073,mustard
56,32,22,16.61649661,60.73510342,6.4855011,50.71978865,mustard
54,24,38,20.09969627,69.52036051,6.25512606,44.9553528,mustard
52,37,33,24.72040715,66.07122806,7.09489338,64.53241785,mustard
51,21,29,16.92004959,51.03385048,6.46082415,43.03224238,mustard
47,24,27,21.47666427,62.96524841,6.63444318,44.37992494,mustard
56,34,38,19.68157068,67.49615975,6.12584026,61.00938464,mustard
53,21,33,22.18325825,58.46235365,6.52825436,62.34268532,mustard
50,37,22,23.76736899,53.54491906,6.84170638,51.77358586,mustard
48,26,35,15.36445572,69.60720113,6.06829494,44.95613066,mustard
52,38,28,16.6897305,67.90636941,6.58497113,45.50612759,mustard
42,32,22,19.68891141,52.81739304,6.30909587,70.4918281,mustard
36,41,44,27.88859202,52.43113329,6.79377348,73.32769593,groundnut
37,54,47,28.86700376,59.12995196,7.15921899,62.23970986,groundnut
27,53,40,26.98467094,55.09624632,7.21838073,83.30626572,groundnut
22,51,39,27.78947021,57.26575073,7.17807468,78.22594653,groundnut
21,45,48,25.9906816,51.49738778,6.23387341,65.05897329,groundnut
30,54,31,29.76127584,54.06798552,6.94275631,67.72987131,groundnut
28,41,42,26.96892857,64.16376179,7.42807999,52.37549122,groundnut
38,52,31,25.16773737,61.72157901,6.74661038,87.14953864,groundnut
39,48,45,27.28214137,62.11756035,7.18321451,92.90870748,groundnut
22,54,41,25.00123749,66.17328493,6.40427069,89.90348148,groundnut
38,50,43,29.06039708,53.67544959,6.45051754,76.75542187,groundnut
39,48,46,26.8758397,67.48328318,6.31902633,64.09122724,groundnut
29,47,33,28.4590523,53.20197509,6.9398214,72.72818677,groundnut
35,43,42,29.03802064,64.6598861,7.42754484,73.62731136,groundnut
20,40,49,25.53241188,51.36286491,6.6370898,82.15148955,groundnut
32,48,49,26.56862963,58.37279511,7.17371946,91.3913753,groundnut
29,40,49,25.17230033,59.8767007,7.21020694,62.174556,groundnut
27,51,32,29.32139654,55.80956588,6.33884609,97.02479549,groundnut
36,47,46,25.95349769,67.15016161,7.25008307,70.07428054,groundnut
35,57,46,29.11691951,68.97757988,6.9524813,84.23887489,groundnut
23,54,50,27.48362792,52.27417617,6.8490343,85.85086005,groundnut
37,54,30,26.60931526,53.36063742,6.27384341,79.50657352,groundnut
38,46,46,25.07748342,54.20246594,7.23616056,88.73525569,groundnut
34,55,34,28.74799568,54.61962628,6.75821972,57.85100205,groundnut
31,55,31,26.37293037,65.88985092,6.64440785,67.84332985,groundnut
26,42,40,28.82825236,61.08123115,6.54761876,68.50853298,groundnut
23,53,48,26.72924167,68.57124168,6.07464511,83.98445433,groundnut
20,54,43,26.10512982,64.88362348,7.09635691,51.95078879,groundnut
38,45,44,29.61075372,51.42993757,7.17642228,86.83074354,groundnut
27,45,41,29.58616503,66.55908275,6.47929795,58.53597917,groundnut
30,49,47,29.1767993,50.51950708,6.94764133,50.76997664,groundnut
31,49,37,25.18801584,54.60717537,6.1117548,75.90724037,groundnut
37,59,31,25.88843214,61.66446375,7.0054452,83.52021923,groundnut
22,44,34,28.18738559,55.75264657,7.42219897,70.02597967,groundnut
25,57,38,25.77275787,65.78495153,6.61075643,62.70892553,groundnut
31,57,43,27.26174297,57.81628775,7.0902285,69.67831093,groundnut
27,53,42,28.26291476,59.27585676,6.27512902,97.77307317,groundnut
23,52,42,25.77135392,52.35585374,7.1086708,92.64579698,groundnut
36,49,31,29.56929478,57.5053823,6.69422561,98.60522111,groundnut
29,57,33,27.66278594,59.31557147,7.21490857,70.48950085,groundnut
34,53,30,29.36226934,67.79949243,7.3155171,62.85482204,groundnut
20,44,34,28.66887136,53.62298887,6.86883205,63.59326838,groundnut
37,55,49,27.17002698,69.41441391,6.75003506,52.29258806,groundnut
24,58,38,29.84779981,69.74156953,7.13984974,89.42531328,groundnut
28,44,35,26.65607945,64.53354315,6.08256105,58.99088742,groundnut
31,46,47,29.92283313,69.76870258,6.42643606,80.60538865,groundnut
35,42,41,25.87726101,54.46903848,6.78562717,70.45361306,groundnut
21,48,50,25.82834227,66.53035644,7.34006544,51.02511165,groundnut
40,53,33,26.83346263,58.10879022,7.43262717,55.15323601,groundnut
23,49,46,25.34981828,61.87639559,6.38253089,82.59765207,groundnut
21,53,31,28.98653649,62.97824018,6.03739418,90.43399355,groundnut
30,45,37,27.34653437,51.21924679,6.30852561,93.84234462,groundnut
32,56,45,25.12437881,67.09942132,6.77987594,66.03279742,groundnut
35,56,39,25.37530462,62.26084469,7.00853368,52.3584082,groundnut
38,51,39,28.44830707,62.27087815,6.4614221,71.51075447,groundnut
30,51,39,25.94609726,64.6629095,6.94390121,92.41148093,groundnut
27,43,35,25.92244284,61.5372467,6.55216489,87.50726016,groundnut
24,48,43,29.27094465,62.62922011,6.89403156,84.81260266,groundnut
40,47,30,26.25127976,69.69131407,6.71862509,79.3147687,groundnut
38,54,47,29.7701749,59.54820182,7.18118339,72.36291622,groundnut
36,44,44,29.20818709,68.17671193,6.46659501,55.8333798,groundnut
32,55,30,29.99622301,69.0329076,6.69141313,57.81110307,groundnut
21,50,46,28.77524289,50.62240372,7.48289059,91.73177591,groundnut
22,52,31,29.91146828,67.73944159,7.36859428,67.80928563,groundnut
39,58,39,27.09163599,51.50892515,6.17492588,56.93859563,groundnut
30,48,49,29.30312057,59.53691791,7.40714413,54.67694769,groundnut
33,49,46,28.57653084,61.09324923,6.28873945,87.65772871,groundnut
34,48,37,28.07091454,61.25095214,6.43080609,62.76449917,groundnut
36,41,35,27.51537187,51.42027876,6.7981873,69.4797872,groundnut
38,47,34,26.93134907,57.44620098,6.96278833,71.02502921,groundnut
32,48,44,29.97002134,68.78524243,7.29780915,82.43661847,groundnut
26,58,33,25.95503926,60.33829597,6.09702009,64.3869988,groundnut
22,51,31,26.31986252,68.41008359,6.22664926,52.73572065,groundnut
37,51,48,25.24710803,50.56877356,6.10455896,59.00902284,groundnut
26,56,49,28.11653777,53.94938292,6.80959996,89.84700117,groundnut
28,48,48,26.98096568,56.94740974,6.83203942,95.30655856,groundnut
38,51,33,26.037657,58.03833123,6.33355923,98.95807888,groundnut
37,59,30,25.45655423,61.69697643,6.63101444,95.67003779,groundnut
26,58,48,26.61953885,64.39732566,6.81086368,68.02796979,groundnut
21,54,50,29.20403158,59.21818579,6.01844423,81.32995867,groundnut
30,58,37,29.48469005,56.14310017,7.12727995,82.78793192,groundnut
28,48,45,26.58672125,68.28514338,7.4077267,82.62292587,groundnut
32,57,44,26.24387759,61.04300527,6.89830402,62.62358028,groundnut
40,46,38,27.38377348,54.85216899,6.06897807,62.85103234,groundnut
29,57,44,25.59852447,66.86851833,6.29313701,65.06242549,groundnut
40,55,48,26.46922911,69.32441793,6.27311157,77.44016847,groundnut
22,48,47,25.04720313,59.23571021,6.67001349,64.81263115,groundnut
21,41,48,26.39872592,53.07517889,6.45645264,64.82962448,groundnut
33,54,39,28.96683161,59.93852082,6.6625063,57.6804588,groundnut
28,42,49,27.4384663,68.09638842,6.3405652,73.18861883,groundnut
23,44,40,26.47499321,64.78349317,7.07514958,54.64747617,groundnut
27,47,37,26.8149813,58.52838849,6.68920885,51.17617917,groundnut
34,47,44,27.55861607,56.22879358,6.95761235,53.76039742,groundnut
39,42,36,26.4240951,63.91446285,6.36941685,52.19252422,groundnut
28,49,37,27.01814435,50.75436168,6.0768239,74.87200787,groundnut
24,55,45,25.14510632,65.75618853,6.68444962,68.85990421,groundnut
33,46,45,26.78714495,54.03480728,6.6871269,93.86144668,groundnut
29,45,44,28.74280292,57.09862074,6.52369339,99.93304005,groundnut
30,43,45,27.40574594,67.63636386,6.61502801,93.64915095,groundnut
30,53,33,26.53324414,52.13731639,7.37182094,90.7138713,groundnut
108,59,110,21.73269642,75.33385912,7.36542142,228.18222505,turmeric
110,45,82,28.68532173,76.6895497,6.45340251,197.70850342,turmeric
105,46,105,28.48234776,83.72379043,6.68149015,170.63162384,turmeric
82,57,91,29.23417501,72.73243078,6.51212485,160.66162252,turmeric
89,46,113,24.69965205,77.68007704,6.99395338,245.08766151,turmeric
106,42,119,23.90181606,80.44740465,6.62456808,205.22723827,turmeric
82,49,104,21.96475597,70.20860114,7.1608443,183.74001386,turmeric
85,44,95,28.23463621,78.4211203,6.06819676,189.48858112,turmeric
97,51,119,21.51141087,85.0356248,6.81643183,154.93271818,turmeric
104,53,113,21.11947111,80.43119738,5.60310616,188.83981611,turmeric
106,55,108,21.86667937,79.76707192,7.47403852,157.74127927,turmeric
84,59,87,29.46897885,72.00594608,5.72060703,199.75936985,turmeric
96,58,84,28.74588154,84.60946916,7.20303958,224.26290349,turmeric
119,41,105,25.04238625,70.58277167,7.21584186,188.80345521,turmeric
84,52,113,22.64420477,74.57189721,7.04099506,160.32609818,turmeric
117,44,112,27.54692331,79.61058248,7.19445715,210.07201942,turmeric
109,57,90,22.9754732,77.79956921,6.52754156,167.58209231,turmeric
98,50,84,23.74082179,88.95095513,7.47968991,186.92478321,turmeric
108,50,103,25.51349805,85.83956915,7.05401385,161.26635151,turmeric
100,40,117,25.7844275,85.49272475,5.99658738,152.04750285,turmeric
94,42,111,23.5294408,88.6321126,5.88825024,220.37528064,turmeric
115,52,107,28.05928824,77.31574353,6.53610732,174.27172545,turmeric
84,50,86,29.31625281,81.7659172,6.50680804,243.68245572,turmeric
111,50,88,20.64811088,75.25500295,5.8334912,167.87386258,turmeric
90,48,102,23.61875263,74.69967587,6.01489809,184.92120675,turmeric
119,51,108,26.12617091,75.60924394,5.56179043,196.17992892,turmeric
83,55,104,25.6274399,70.40475134,6.25815796,151.18672136,turmeric
110,45,117,23.82571184,71.87670846,6.13898543,212.75434389,turmeric
91,59,97,22.26192802,80.48916539,5.85387387,202.65916799,turmeric
101,50,98,24.86681396,86.67056767,6.7473958,228.55592388,turmeric
113,49,91,23.86279501,78.04212156,7.4957714,194.61836721,turmeric
83,43,80,27.12372612,71.66168604,6.10003875,160.4812415,turmeric
103,53,84,21.7328448,77.6429763,6.55212401,170.55226359,turmeric
102,52,90,26.53658748,70.4973927,6.81706525,186.96604895,turmeric
98,59,108,29.59182818,88.32233113,6.24059063,231.88320872,turmeric
84,53,117,26.77583203,81.29559475,6.30099067,222.68667575,turmeric
115,47,107,29.42710763,74.66677283,7.01160432,205.62060422,turmeric
100,49,102,25.50586038,86.03845551,6.19508531,163.57642074,turmeric
104,48,119,29.49932626,85.34177018,5.92093134,174.1244769,turmeric
114,57,91,26.41198067,71.81664457,5.97507109,201.74778327,turmeric
101,41,102,29.43834353,82.91990487,5.55896743,203.88264857,turmeric
108,48,103,24.42385614,83.65852664,6.12833787,167.81492015,turmeric
115,41,97,27.49702319,84.04837462,5.59787989,168.00097904,turmeric
92,57,98,23.78063179,70.9680345,6.18072658,224.04464366,turmeric
92,57,83,21.21284947,80.59055938,5.78999108,186.76103337,turmeric
119,45,88,24.45034385,73.10990426,5.90046081,189.89034233,turmeric
92,53,103,21.8806422,88.88600666,7.40626674,211.96219451,turmeric
120,52,91,28.22477821,80.4943301,6.13057757,199.42347595,turmeric
98,49,88,21.32284568,89.31916689,6.67286211,158.76865942,turmeric
89,50,90,26.59349848,78.70391017,7.01749158,172.12510807,turmeric
89,53,99,29.8439326,88.14612491,5.64189578,197.7910765,turmeric
111,58,114,29.01067002,74.90858079,5.79943228,151.91228522,turmeric
102,47,116,29.77744491,82.64900383,6.64277739,214.95301229,turmeric
90,55,94,20.48575152,70.85306495,7.47015428,238.77493243,turmeric
97,49,86,23.47361685,87.61570112,5.89994324,167.97218305,turmeric
88,43,88,24.6417456,83.70325306,7.13756824,200.65832135,turmeric
103,48,96,24.58482919,84.07085099,7.35001282,242.58046997,turmeric
98,53,103,28.25649723,70.04936994,6.82370054,179.7149646,turmeric
84,56,109,27.77407734,79.02766231,5.69358031,218.57953988,turmeric
86,42,86,29.77240774,76.20369333,7.40364677,217.52941684,turmeric
111,56,115,28.71534343,77.88430061,5.61501329,207.05482924,turmeric
83,59,105,29.11684471,70.73312344,7.00746015,246.63542802,turmeric
100,60,88,26.1475412,83.670702,7.17844293,182.30040272,turmeric
104,41,105,27.94321459,86.70668484,6.10422071,164.37416953,turmeric
118,41,102,29.83972238,79.33934217,7.44342243,219.83363915,turmeric
92,42,101,20.28056456,77.94293385,5.5566741,175.50534176,turmeric
118,49,98,25.26792708,82.02170951,7.27725434,165.16920758,turmeric
107,58,95,24.05723318,84.48506954,5.94327304,166.1030848,turmeric
86,55,107,20.22663288,88.67249314,6.79214032,215.19067197,turmeric
112,53,108,28.49780892,84.30353372,6.57377384,206.15807407,turmeric
100,46,90,23.41408295,89.70277766,5.52394501,181.48358687,turmeric
119,55,96,25.11214631,86.72924804,5.54378636,222.58222599,turmeric
104,50,96,29.68702687,87.96713229,7.0615501,183.2187708,turmeric
94,45,112,28.62272284,83.81586941,5.91296729,182.56074001,turmeric
119,41,114,25.59522066,75.79827099,6.97989523,235.34261198,turmeric
114,42,91,26.16321183,88.2283812,6.73650406,191.13788746,turmeric
111,50,98,27.71440124,88.78237791,6.20942841,198.00804631,turmeric
83,41,108,22.99859519,85.87485837,6.69710353,200.08865382,turmeric
99,49,84,24.65972861,73.39529101,5.80542171,175.77021483,turmeric
119,41,86,23.79918012,72.02074126,6.92937966,210.67978388,turmeric
118,50,115,29.90534586,71.81518365,6.44325341,235.9485829,turmeric
83,44,100,28.27026201,70.46683233,5.72491021,218.29219721,turmeric
108,47,111,20.30385329,70.82187125,5.53119112,190.48833171,turmeric
107,58,99,25.11413228,80.46617147,5.73573806,170.90869762,turmeric
106,51,94,25.0212327,70.97599233,7.49056755,183.58549659,turmeric
93,51,88,26.65651925,76.383862,5.79127619,161.23784074,turmeric
103,56,106,22.40180178,89.65499014,5.74789067,194.70011696,turmeric
104,40,115,22.85363995,71.15379344,6.13370635,188.25503877,turmeric
100,40,84,27.98460225,87.92235184,6.15923679,174.68366093,turmeric
112,44,114,26.78475175,81.86596604,6.37445243,187.69059891,turmeric
108,58,86,27.93799404,85.49352684,6.42038333,180.57535877,turmeric
94,48,117,22.84778928,83.99275557,6.37948764,231.00597919,turmeric
118,50,87,27.07077489,89.70742317,6.8464782,170.60006133,turmeric
87,46,96,24.68827169,88.28522192,6.29548406,150.07898286,turmeric
119,58,104,21.64346018,87.48220786,5.64161608,193.19551752,turmeric
88,42,94,22.60329128,82.13989382,6.07607259,151.66188286,turmeric
86,47,114,27.67295993,81.14191022,6.16862628,232.34909819,turmeric
104,42,109,24.16871882,88.42059191,7.07373626,239.5197246,turmeric
99,44,100,24.8151872,79.40441015,5.59671594,179.32248409,turmeric
91,56,111,23.62839978,81.89250472,7.38235264,234.4158851,turmeric
43,57,41,22.92989504,59.97422392,6.85603071,57.59637626,sunflower
43,44,48,25.31741302,51.11593338,7.05625007,64.26340318,sunflower
42,42,40,23.82293338,53.36257886,7.63528691,51.44318097,sunflower
52,56,42,23.996556,58.05893808,7.49299699,52.37072662,sunflower
51,43,34,27.79958113,63.87526347,7.85102342,68.48161157,sunflower
54,59,41,25.66402069,67.41187304,7.10131982,57.72796834,sunflower
48,53,37,25.1226574,62.18223395,6.77255861,68.92696924,sunflower
44,48,42,26.59650365,51.04065477,7.61850103,54.56159005,sunflower
56,44,50,23.86970485,67.9939115,7.78886837,62.44821223,sunflower
51,57,41,28.68466682,62.41784044,7.77469044,62.60716653,sunflower
57,43,49,23.26892796,51.73304009,6.65225512,57.49253586,sunflower
49,55,48,20.57011507,58.29994564,7.33498739,68.5715247,sunflower
48,45,35,23.22671197,58.8585529,7.88460937,57.39472571,sunflower
55,41,34,22.30242257,61.95386793,7.0400458,69.46508225,sunflower
53,46,32,23.48280434,62.80828212,7.35777981,56.97321036,sunflower
44,48,44,29.24330967,53.98120509,7.94449887,53.95807973,sunflower
59,52,38,28.35611244,57.87711579,7.73449285,54.41818847,sunflower
40,56,44,21.5350501,60.66263466,6.62478633,64.78003532,sunflower
48,45,33,29.3930812,55.18485206,6.83576492,65.80291913,sunflower
42,42,38,22.55959537,57.99464296,6.95681478,68.14938966,sunflower
50,50,38,27.33292773,60.05719032,7.6894195,67.5284473,sunflower
43,40,49,23.78649779,69.05512899,7.00612547,61.4813476,sunflower
44,44,50,26.30524213,53.84179691,7.00088479,68.45984109,sunflower
40,45,36,25.88896391,62.88819644,6.51867465,55.8946107,sunflower
46,52,44,27.58527622,61.84563134,7.56475774,52.2693783,sunflower
45,42,34,22.87745999,61.8760774,7.30937398,65.98809449,sunflower
58,46,48,20.79296082,55.94113524,6.63842404,54.08788785,sunflower
55,44,40,28.63544974,59.31753456,7.35379062,50.68407757,sunflower
52,48,48,26.82580015,67.92118225,6.70626803,66.31642363,sunflower
41,55,34,22.0902689,58.92304279,6.78599437,53.25342517,sunflower
42,52,38,28.90193589,60.139227,7.86125497,56.036754,sunflower
58,57,38,20.59481346,67.1150416,6.92296212,50.85349941,sunflower
58,45,44,28.47008966,50.0792776,6.98670105,53.5640347,sunflower
47,44,39,29.79077546,67.96250924,7.85814869,68.23134403,sunflower
40,41,34,27.12965435,66.2384279,7.65366812,66.61571472,sunflower
56,50,45,27.41053821,54.5887143,7.12612646,55.97068097,sunflower
50,47,33,22.90554193,62.15751627,7.62049831,66.95138213,sunflower
47,45,33,20.0649668,62.55703572,7.18617555,65.35195605,sunflower
47,59,49,25.45979923,66.52670546,7.43353709,57.89122859,sunflower
41,40,45,26.20626466,69.39022507,7.66512363,61.02374721,sunflower
47,48,34,23.13468462,64.6366307,6.53539746,68.46546487,sunflower
47,58,31,23.6598345,67.35418926,7.81784321,61.74201407,sunflower
58,42,41,24.60304247,54.422769,7.71045098,53.60525094,sunflower
42,50,31,25.24076695,61.7720511,7.89233202,69.2610134,sunflower
45,55,43,24.43164875,52.78694382,7.44768219,61.30604046,sunflower
55,54,39,20.57649469,61.6055749,7.31015944,51.24366049,sunflower
55,59,36,27.51057684,50.31611096,7.1788844,61.59840796,sunflower
52,57,47,29.31038729,69.29569423,7.76802678,52.38798901,sunflower
60,42,49,27.41601034,59.59098149,7.62416896,61.55802808,sunflower
55,50,39,23.75220608,66.1227342,7.15425636,58.44589187,sunflower
58,49,32,28.04064352,50.78089676,6.75915359,54.99191309,sunflower
47,55,47,23.79032671,64.61968184,6.71182066,66.02788286,sunflower
46,42,47,24.23586565,61.96013968,7.46582508,52.52935437,sunflower
44,53,44,29.42057358,62.44541374,7.4558039,63.45694676,sunflower
55,50,46,26.83788195,67.78389338,7.35274682,66.20158756,sunflower
55,59,44,29.81533723,55.41137948,7.88035244,53.47529533,sunflower
43,42,31,27.58980247,54.60388639,7.96064162,52.7025053,sunflower
59,45,38,21.27838664,55.43913135,7.59117535,50.97384918,sunflower
41,44,38,23.05340066,60.16544027,7.20667941,54.73504251,sunflower
50,51,32,29.17723113,63.63850198,7.82604581,67.89888778,sunflower
52,54,41,26.46007003,50.17224833,7.07247849,68.35245499,sunflower
42,43,38,20.54301293,62.76705927,7.17351679,50.79513754,sunflower
46,45,42,27.26635862,51.93692741,6.71208093,55.4605996,sunflower
46,50,46,28.1222051,66.359119,7.94727348,60.15145219,sunflower
42,43,37,20.0310725,53.0195677,6.78939249,66.31366915,sunflower
45,55,39,21.57337726,56.36619589,7.81312453,66.14878058,sunflower
51,41,38,20.55432736,57.94002066,7.46124199,50.36871855,sunflower
40,57,39,21.18806678,51.83013056,6.76687643,62.68843078,sunflower
49,48,35,22.84305347,63.53600707,6.64930892,57.72263012,sunflower
51,45,35,23.59522027,68.29304348,7.76529659,62.13774598,sunflower
42,55,35,22.67582986,67.85324547,7.20949307,61.40245211,sunflower
56,44,43,20.28359001,65.55918309,7.81726488,58.67283174,sunflower
46,45,48,25.78945901,59.31269888,7.6766685,66.89861871,sunflower
46,51,47,20.33798499,66.79572834,7.90226606,50.49360335,sunflower
54,52,34,29.75482148,52.88213944,6.98471282,50.74733138,sunflower
59,46,41,26.75168918,60.68652315,7.73761343,52.50984307,sunflower
58,58,43,21.30408815,55.24211119,6.53497983,64.65517042,sunflower
48,49,47,21.09942404,67.0157911,6.59801379,57.85808964,sunflower
59,44,31,28.96364789,50.83960032,7.3006434,50.16981244,sunflower
53,60,40,29.91082968,61.78280573,6.71357578,66.15612384,sunflower
50,41,43,22.13700605,67.09616727,7.19835543,50.85789359,sunflower
43,51,32,21.15873529,62.47415917,7.00435057,56.19489795,sunflower
53,59,30,25.49032197,57.81210882,7.95700921,54.5022169,sunflower
53,55,38,20.41463457,63.10323429,7.92682654,63.96359897,sunflower
41,56,34,27.60513798,50.61168186,6.89318315,55.13134008,sunflower
58,44,45,23.677424,54.50421536,6.98096553,53.53932924,sunflower
54,45,39,23.72248699,59.4163044,6.68306849,69.76910258,sunflower
46,45,35,21.50565427,68.29428329,6.59965656,62.56575193,sunflower
43,54,30,29.77675114,57.10006152,6.81075029,55.87999378,sunflower
46,50,35,21.57262096,62.27847329,6.78708837,64.40575381,sunflower
40,55,48,21.11421847,63.63244142,7.27886239,50.40077254,sunflower
49,56,45,26.79498333,64.28542726,7.21160031,68.16848791,sunflower
47,43,46,25.39770057,59.08296157,7.60553722,66.09992987,sunflower
54,56,40,24.97356866,56.06447054,7.87046823,55.84957107,sunflower
54,46,34,25.43772217,55.85880746,7.01937788,57.02146124,sunflower
54,53,30,22.9189979,64.89145026,6.71219363,68.21674931,sunflower
47,45,46,25.77153101,58.40943381,7.31546315,67.47079193,sunflower
53,55,31,20.32072636,61.94883969,6.73939873,58.36492981,sunflower
56,55,31,21.96157333,67.04593629,6.75229319,52.00408437,sunflower
58,53,31,20.9377798,62.06792005,7.48248765,54.56699617,sunflower
29,21,36,29.30947625,59.70416732,5.99154465,40.45097629,sesame
38,32,34,27.82322227,61.98159812,6.14051522,48.48574542,sesame
24,24,31,28.57020971,62.79424288,6.54692756,51.21493964,sesame
23,31,25,31.90949737,56.38983403,6.98178425,53.37600714,sesame
25,30,37,26.75286945,64.82293909,6.67264664,53.10146528,sesame
25,39,35,32.51066915,69.53485245,5.75393457,58.25988823,sesame
35,35,21,33.44936422,50.22498803,5.88520252,47.14789413,sesame
31,28,34,25.7970557,62.6298714,5.78076946,50.62509543,sesame
20,29,28,28.4389035,69.05658911,6.79099556,55.10440572,sesame
36,30,24,34.18021284,57.73766445,5.85183768,50.09427044,sesame
31,40,21,34.62438479,56.14267746,5.69710814,41.80006616,sesame
36,37,36,29.76118377,56.30500052,5.8201923,45.14574803,sesame
38,39,28,34.56647085,51.34697087,6.87900628,46.72765416,sesame
38,26,37,26.56640611,54.90446749,5.6015851,42.87471305,sesame
33,25,23,29.95359469,59.45314928,6.45398265,48.84140889,sesame
26,23,32,29.27227124,58.75158443,6.85238731,45.78376976,sesame
34,34,23,30.61872849,55.34433814,6.22009117,56.68801288,sesame
23,22,27,30.41588876,56.36852875,5.69247979,45.9861785,sesame
29,35,27,30.0718753,59.09068744,6.62755171,41.8344977,sesame
25,21,20,27.23355914,65.45914644,5.5626521,56.6840818,sesame
23,32,38,29.88532306,50.14180808,6.73922271,40.52329023,sesame
38,22,33,27.36963213,55.80457418,6.70251436,47.77120087,sesame
21,31,35,29.15352127,54.1547361,6.0453217,42.86636662,sesame
26,29,22,31.4553318,51.93810619,6.78979481,46.87055725,sesame
29,31,28,31.56104481,65.18796924,6.30437248,52.38859137,sesame
39,26,31,25.25902839,63.6596373,5.84864883,40.89004902,sesame
27,25,22,30.20517068,59.16608075,5.77335069,40.29554449,sesame
33,36,32,25.51559006,64.69546114,6.28063659,47.39139653,sesame
30,39,39,25.0954677,56.60925085,6.25048187,40.99767886,sesame
23,33,38,31.63068758,54.06327124,6.9601217,42.98824768,sesame
33,32,39,31.10936758,68.56823564,5.67096497,48.63509325,sesame
35,30,21,26.40675743,69.66888862,6.78281367,40.63964644,sesame
36,21,32,32.65713731,53.79786113,5.85187181,58.31010795,sesame
36,24,28,32.02605233,56.6989482,5.99528415,52.15264464,sesame
29,27,29,33.84667729,64.56661746,5.58828104,48.57093775,sesame
24,36,25,32.12240832,52.16634729,6.66145094,50.44853769,sesame
24,29,39,25.34084265,61.93183043,6.51943652,47.28587009,sesame
26,29,31,30.92584547,58.71519901,5.52112508,58.73227242,sesame
28,28,35,31.97642459,60.90898511,6.75633936,52.10764117,sesame
28,33,27,27.83848132,57.08172387,6.39602385,44.52739712,sesame
25,31,32,26.68543841,62.33398242,6.51536848,40.86427029,sesame
37,20,33,27.86969653,52.4236368,6.89725311,51.71009873,sesame
34,35,29,30.37843005,69.59403304,5.6509548,55.42147911,sesame
30,38,23,31.28077915,62.21534756,6.67752998,49.46361823,sesame
31,22,32,29.35193408,67.30828329,6.92362218,45.15545471,sesame
39,26,39,25.34784759,50.65727702,6.64245416,42.19068727,sesame
25,29,23,28.40240203,57.52572563,6.71919881,51.84956588,sesame
37,25,29,34.67731091,54.27191421,6.71410174,56.81788011,sesame
23,25,24,33.34385855,50.02647135,6.64795007,52.01875294,sesame
26,33,35,25.26848123,55.34866931,6.50475441,59.87649695,sesame
37,36,25,32.80014668,59.22024474,6.05041824,40.63620362,sesame
32,28,35,33.06453832,69.39200056,5.63410833,46.89289263,sesame
23,35,20,32.78544906,68.02768499,6.5371304,52.50418894,sesame
36,37,36,32.02390036,54.48855711,6.05687019,52.19037051,sesame
21,24,39,26.21144873,50.72701902,5.98237442,41.6316326,sesame
38,20,20,25.19782034,51.75619313,6.88163286,52.53319828,sesame
30,32,22,25.90913487,62.03861379,6.41328324,46.81620202,sesame
32,26,27,33.71715883,64.17783545,6.1897948,45.01059891,sesame
38,35,22,25.94762769,69.11917912,6.77155236,48.46754374,sesame
29,32,24,34.61413546,52.46311631,6.13242975,56.12380916,sesame
25,27,38,31.48653039,61.2764737,6.07880503,46.95715826,sesame
30,37,28,27.750144,64.12514584,6.15616267,59.74847116,sesame
21,34,28,28.41132824,50.49979263,5.79439879,46.53326847,sesame
31,28,33,28.09720102,54.03694122,6.17567081,54.07543172,sesame
33,21,30,32.98408903,53.15527139,6.14517612,53.9396428,sesame
33,32,32,33.31669309,53.36559866,6.21095196,43.06188216,sesame
35,31,33,30.43479761,64.14268396,6.54925559,41.68605107,sesame
39,31,34,30.05657751,68.06150869,6.07751108,41.11054312,sesame
26,33,27,25.83111515,63.70863171,5.87049684,41.79064399,sesame
35,38,33,26.11064117,56.52492498,6.3302985,40.66411695,sesame
37,32,20,32.41501945,58.64987574,5.54915056,46.62992286,sesame
22,32,34,28.11106012,54.08017827,6.24101443,41.13716428,sesame
36,22,36,26.25490301,63.83513532,6.6819244,49.8938561,sesame
37,28,27,28.91374631,67.0362279,6.58266249,57.09114092,sesame
36,39,32,28.22406198,65.8515836,6.12607854,43.25354943,sesame
33,31,33,26.03741197,51.31780538,6.05826771,47.97028342,sesame
23,33,38,25.98488728,60.51867357,5.74034447,48.52445069,sesame
39,20,37,31.35416088,61.81444152,6.46714191,50.70737059,sesame
23,33,23,32.51768149,69.72245003,6.83783004,48.68490807,sesame
33,24,29,27.01407372,59.20303165,6.61333757,46.24107961,sesame
25,25,38,34.83856218,60.84535497,5.6313094,48.36410992,sesame
24,31,33,29.4484095,58.04990704,6.63755807,47.60469858,sesame
24,33,22,30.76472185,61.14725837,5.64539576,50.39597271,sesame
30,24,39,28.15012289,63.65058672,6.79320904,49.73183169,sesame
40,24,36,28.48964647,55.84717718,6.87529444,53.95940321,sesame
36,34,27,32.31691516,51.64569607,6.01520979,45.5359054,sesame
29,25,29,26.16196315,54.20104353,6.67672996,42.14116788,sesame
35,38,33,25.50985611,66.41512748,5.69455689,58.7167218,sesame
24,25,31,27.90342633,59.54687766,6.45087628,50.10555589,sesame
21,35,32,33.99937119,69.73699704,5.50398077,41.74173096,sesame
33,21,33,30.53909924,65.76151116,6.61255705,44.856127,sesame
37,21,36,33.66526008,55.99197713,5.93204394,48.79135957,sesame
34,32,37,25.01915013,53.20769071,5.75483775,56.86873873,sesame
40,31,34,27.39957935,69.81897466,6.53264322,54.95860803,sesame
20,28,30,32.30794748,54.08465852,5.74295479,59.13411835,sesame
29,21,35,25.80159159,66.9947625,6.28800105,42.9348051,sesame
31,33,32,30.14113277,63.15843033,6.12355249,44.82447862,sesame
30,21,35,27.63767424,50.25387407,5.87708157,40.93675919,sesame
35,32,27,28.98488364,50.7372957,6.34390879,47.13823499,sesame
35,39,21,33.77475395,57.95363083,6.03451971,48.24224315,sesame
55,57,35,26.64646959,45.25894959,5.76265713,66.38189511,castor
53,45,20,21.22867719,54.25769491,6.22027827,69.79371297,castor
52,59,22,22.31307127,40.43574845,6.25272238,51.17552469,castor
46,56,37,20.19573212,40.83645309,6.00735135,53.4257117,castor
42,41,31,27.18212507,54.52442294,6.08763559,59.47431407,castor
57,44,24,29.45751186,57.12489393,6.3747164,56.21882986,castor
48,58,36,29.5083783,43.43875186,6.41262272,65.14846806,castor
54,45,25,22.78827343,47.86121874,6.1386227,52.84738991,castor
54,54,36,27.96856006,58.17596422,6.08841773,51.2850581,castor
42,57,20,24.66058453,46.39762436,6.34109794,65.05768126,castor
52,47,25,25.73123261,45.9613338,5.84402317,54.55465121,castor
47,51,23,21.48361272,51.7676868,5.94470021,61.65880071,castor
43,56,28,24.10212141,42.98743769,6.41284533,55.80704814,castor
45,49,38,29.01039774,54.08714464,5.86056364,67.00696276,castor
46,49,28,23.23799522,50.64230376,6.35094762,65.83788063,castor
58,45,32,26.16011406,47.54526477,6.06406229,56.49408255,castor
50,55,40,20.0972918,45.89568066,5.56658284,63.54328147,castor
45,42,28,27.76002853,52.99731259,6.23278831,69.48042606,castor
54,58,35,25.0915082,58.14706724,5.71348719,53.30353488,castor
41,47,32,23.68323879,41.6792922,6.225124,51.7763036,castor
60,49,25,29.76204713,57.60656155,6.01580186,65.51694784,castor
56,60,36,25.43299392,48.90007535,6.0600453,50.81811894,castor
52,57,37,23.37733907,58.07263232,6.37825779,68.46064072,castor
53,46,27,21.33141302,56.85677212,5.64943502,58.32460071,castor
56,42,31,29.14786511,43.61321996,6.22750598,54.89251057,castor
45,56,38,27.06968618,57.54152951,5.96589519,66.06159294,castor
46,43,38,26.92128237,50.75840671,5.79775959,63.92517201,castor
42,41,36,25.61270983,59.62548671,5.83435966,52.89996277,castor
57,59,23,25.52826568,43.58811735,6.34333625,55.38604199,castor
47,53,21,28.55273058,52.03908281,5.76226747,64.12534578,castor
45,53,32,29.74207972,44.5160898,5.98628315,50.41554988,castor
43,52,24,21.26250452,47.37286156,5.59364956,69.05212576,castor
59,50,36,23.56833689,47.47673234,6.26850399,52.30325586,castor
52,48,32,29.59878448,48.02362687,6.43951599,67.89731371,castor
58,59,25,26.2697499,45.0482365,5.92614192,50.82574881,castor
54,42,39,25.40706086,49.41805608,6.48942602,53.8823836,castor
43,53,33,27.38293018,52.93188984,5.64115909,59.29386608,castor
42,55,36,25.1921379,49.5201163,5.85107432,64.50041452,castor
58,48,28,21.09015119,43.34165896,6.19564921,61.01752302,castor
46,48,38,28.75724606,44.56565902,5.74244903,54.37539872,castor
53,50,21,28.1046375,58.86951976,5.98243335,65.90325655,castor
46,52,29,20.65724367,47.61531122,6.07376717,51.50083751,castor
49,54,22,24.50564245,48.23208103,5.60464537,61.4829299,castor
60,53,39,26.84154623,49.66855319,6.30046238,57.21492271,castor
41,50,24,26.6543938,54.01720804,5.6716372,56.26605459,castor
45,48,27,26.67005492,54.25968474,5.98043768,60.93268223,castor
58,51,24,24.35867647,51.44420817,6.25287238,55.86199778,castor
46,49,37,25.30111218,43.16199649,6.30312412,64.3112548,castor
42,57,38,21.01540224,56.46467727,5.81682379,60.35321719,castor
49,51,31,22.38677886,41.67635356,5.70905055,54.15448209,castor
52,52,37,21.20669285,45.10810736,6.24517225,67.67563132,castor
42,51,25,29.49572829,50.78780466,6.39545126,62.29063021,castor
41,59,32,29.85497186,43.86446078,5.86651749,67.63865364,castor
59,49,40,26.4240839,43.66910563,5.81774472,60.73297254,castor
55,58,40,24.38861181,41.15914945,6.49636513,63.43308771,castor
45,45,34,25.8139266,52.8275192,6.28734481,55.7800344,castor
54,46,24,24.94922648,48.19770857,6.19720884,68.09828815,castor
42,43,37,27.80658627,43.96008283,5.99323208,59.35036238,castor
59,56,38,29.1678141,48.82233261,5.66522857,51.21629556,castor
41,48,21,28.75967805,42.8302951,6.24288708,54.64672954,castor
54,54,30,21.69372442,49.70473012,6.43450507,51.875378,castor
58,48,28,25.41158022,51.67683,5.97282283,66.39361677,castor
53,49,33,23.36646855,52.58044319,5.89869792,64.85089892,castor
52,46,24,22.38760513,55.67004643,6.43243159,51.5557914,castor
60,48,35,21.40291213,58.99806602,6.09170202,55.50712617,castor
42,56,39,28.32743872,53.48951474,5.86693086,62.75618153,castor
58,43,24,25.77206804,47.20480174,5.9184372,53.32027939,castor
50,50,30,23.11379398,40.38026856,6.02253769,66.13540724,castor
52,53,32,21.87235723,46.29469377,6.48046798,65.92318387,castor
49,56,21,26.68004321,50.89601553,6.28458153,69.8394364,castor
43,53,39,20.37158768,54.33194466,6.09093394,67.21632239,castor
45,59,33,24.53778643,40.79963888,5.55110198,59.28561317,castor
60,41,26,24.86801528,59.7203369,5.57942314,69.38620344,castor
59,47,39,23.2510304,50.31810328,5.67648494,64.97381947,castor
45,57,23,22.78733559,53.9384672,5.93620904,65.49063947,castor
59,51,23,25.14961862,43.03652411,6.3784006,65.62298061,castor
44,48,28,21.86405919,53.91297807,6.47716265,50.9449536,castor
58,50,24,29.68137938,51.97459758,5.76524212,63.92511942,castor
42,42,27,21.06368108,58.96617582,6.22551552,64.62223515,castor
58,52,32,20.43723824,43.80654962,5.70448936,55.74298454,castor
46,58,21,24.90954707,50.66344258,6.02501827,55.67376202,castor
49,55,21,20.25066819,58.53981947,6.06624943,68.51146595,castor
46,59,22,20.97933527,55.95763159,5.79037578,65.60802998,castor
49,51,35,21.72440272,59.9969162,5.98574968,52.15400838,castor
46,49,34,23.76971928,42.0243187,5.71798817,61.95857219,castor
58,44,39,26.90157829,47.12065952,5.51305603,57.65068346,castor
50,49,37,27.51159839,55.26203123,6.07108278,67.80078339,castor
51,55,27,28.31147227,55.50283973,5.58768332,55.20651954,castor
59,53,30,26.66476906,50.98470605,5.93396536,59.04494897,castor
48,57,28,25.82417508,51.99340205,5.64046302,56.62106975,castor
57,51,28,28.44160693,56.6892705,6.13630744,52.86007006,castor
55,52,21,26.37496131,43.29536581,5.76874397,66.49471937,castor
50,46,21,29.92159809,47.85922936,6.467403,69.05576081,castor
59,41,33,22.78014647,56.22783456,5.70561334,55.93793801,castor
50,47,39,20.22172531,46.50585564,5.87895158,59.63882991,castor
45,47,24,28.87556737,46.64531603,6.48110727,55.04747613,castor
47,52,39,21.99855371,43.09971067,6.2333562,54.32272594,castor
42,55,35,20.12573062,53.85159029,5.86663436,69.41281577,castor
47,41,34,21.42304609,51.82337056,6.06965293,53.02368909,castor
47,41,39,23.16411931,49.96777258,5.63876212,62.99543137,castor
49,49,38,16.33860734,48.8950842,6.74162155,38.40125598,safflower
43,49,32,21.58994049,47.19103439,7.05768046,35.38337613,safflower
43,31,29,16.12950857,53.62645116,6.67396732,34.81741845,safflower
40,41,36,23.68242933,43.12499807,7.35870053,33.19417675,safflower
47,31,27,21.25207055,48.84405501,7.37570646,48.12663668,safflower
49,46,26,24.12642643,54.71161145,7.38933536,46.47577656,safflower
47,42,24,19.35170158,49.33546593,6.72700144,43.32040049,safflower
39,31,32,15.95592208,50.49057724,6.88581788,37.61587506,safflower
44,43,27,23.94310607,44.83015194,6.88853487,42.41380871,safflower
40,39,27,15.15790724,50.88264663,7.4879325,47.59229323,safflower
48,47,35,19.72938546,55.24892097,6.5679762,48.93609009,safflower
39,34,37,24.71144092,57.27370726,7.16699464,38.07297722,safflower
45,46,28,23.57810905,51.83602852,7.25080294,46.97634592,safflower
47,43,29,24.93041659,46.04076591,6.56610497,49.26107804,safflower
41,44,20,19.19167859,45.87620765,6.95531396,35.38292761,safflower
38,46,29,18.56126186,53.26568248,6.53917229,30.85694709,safflower
30,46,20,23.72480873,56.13735221,7.45000003,42.31845766,safflower
38,34,25,15.11971533,45.65017237,6.84345497,49.25277689,safflower
43,48,22,15.87238181,47.75541884,6.87890149,40.4401291,safflower
40,36,34,19.78204562,55.37430303,6.59578689,36.55008927,safflower
40,40,32,23.82121918,48.66150157,7.11861313,37.14277428,safflower
49,46,20,19.03799017,47.46916585,6.68805802,33.65269722,safflower
31,45,32,24.7729705,55.29442941,7.20191855,47.00409332,safflower
43,43,32,23.61244667,50.10008277,7.07269726,48.73896834,safflower
46,36,25,23.35035305,40.78915978,6.83024377,32.72895929,safflower
39,44,33,23.95606395,42.93212267,6.75020057,40.98067501,safflower
37,38,35,15.22555075,42.67265772,6.7454337,31.10072869,safflower
34,44,35,17.34388373,53.149753,7.19795861,47.77761215,safflower
41,32,30,15.89506203,46.50334411,6.63221626,30.43915383,safflower
33,36,33,22.98130056,46.36572407,6.51407976,49.11716854,safflower
37,44,27,24.39381252,56.27781263,7.05553385,35.25633362,safflower
33,36,26,22.49467105,57.67593398,6.59970907,49.72618825,safflower
32,35,34,22.83057017,45.86641831,6.5478589,36.76806467,safflower
43,33,23,23.84102688,42.18576864,7.31811311,43.56535531,safflower
36,38,21,15.11024289,46.63758105,6.64029723,42.49731042,safflower
40,49,28,21.24364505,46.07303075,7.13225978,44.71769407,safflower
31,35,22,17.68159879,43.2855617,6.83580616,33.03401076,safflower
46,32,38,15.11026377,47.90466441,7.0285338,41.85041299,safflower
39,39,37,16.27560883,54.6803744,7.17015161,36.13580792,safflower
49,48,26,15.81730083,58.6562721,7.11388927,35.25930927,safflower
33,46,25,23.24760694,58.20168257,6.59508373,42.63296441,safflower
47,43,24,22.99700652,51.51667699,7.32633705,47.5755778,safflower
35,47,25,22.3139765,57.39037068,7.29646083,46.95936155,safflower
44,44,28,17.72628143,54.18852472,6.74148665,39.73294248,safflower
50,46,30,19.50284574,55.88343086,7.46903506,36.92183357,safflower
35,33,30,17.01624105,52.01898139,7.31422406,45.80250148,safflower
47,38,24,18.86843232,45.28069997,6.75239091,32.79384405,safflower
33,39,37,17.74534579,45.87578454,7.48836529,45.73962569,safflower
49,37,28,18.18980743,45.09192574,7.26167188,49.77033018,safflower
49,36,35,21.78065566,41.17301792,6.73231144,39.86252377,safflower
31,38,40,19.07867071,40.45597218,6.83794251,46.28192547,safflower
45,47,34,24.64337769,50.26542868,7.40637524,42.5041766,safflower
48,33,24,21.2680074,46.2132689,6.95714898,46.6163872,safflower
40,40,22,17.73052471,50.65089184,6.73761379,41.72743591,safflower
33,33,32,23.02613073,56.15226656,6.50781953,36.07007624,safflower
44,35,32,16.16109458,45.78831862,6.62393776,40.29133281,safflower
37,35,36,22.92292388,45.27276058,6.55970133,33.32429982,safflower
37,46,35,23.2511447,45.59486947,7.45693903,31.6097299,safflower
48,38,20,22.51528338,46.22532976,7.46542579,47.43850805,safflower
30,36,38,21.47651559,52.57496811,6.89448302,37.35022927,safflower
42,47,33,16.2356334,47.29540567,7.12088607,33.47514138,safflower
42,35,28,21.46250365,47.26070312,6.95318241,34.78150388,safflower
33,31,29,17.97254708,53.83828763,6.53266179,44.58915952,safflower
42,34,20,23.19579243,59.43422594,7.37510857,31.67336,safflower
48,41,36,17.31562548,42.44959804,6.92021672,46.39376556,safflower
33,43,31,15.83083539,52.84970104,7.4167598,34.64866026,safflower
40,47,21,20.20068089,46.73675977,6.53169606,43.50403535,safflower
40,32,26,18.62091544,50.84497121,7.16470152,37.34081385,safflower
42,40,25,19.94397554,48.72888883,6.58356023,40.94005338,safflower
45,46,25,23.87637868,44.73439669,6.66894769,31.76721812,safflower
43,42,29,18.34202617,49.28512893,6.82604104,40.09760295,safflower
44,33,36,23.41293477,48.18993196,6.63150759,32.79778818,safflower
36,42,25,15.13634523,43.18703434,6.70875551,47.93530457,safflower
32,45,39,23.23243133,44.69241402,6.99730892,36.43375174,safflower
40,42,20,16.92944608,40.70672565,6.85049264,46.46788294,safflower
37,48,26,17.83757557,43.20608414,6.86323503,41.79975006,safflower
37,44,39,24.14833152,42.16403752,6.5977007,35.74897359,safflower
46,36,20,21.97979688,44.84677207,6.85834799,47.93124557,safflower
40,37,37,19.93417143,51.06806793,6.91319509,33.74389361,safflower
37,48,26,16.8768901,53.64673089,6.80489538,37.47160374,safflower
39,39,20,24.47190824,43.17595684,6.52004431,36.43538594,safflower
49,40,29,22.13219493,47.96222602,7.03268246,40.276805,safflower
32,33,37,24.83319761,50.73094518,6.57739656,46.57759263,safflower
37,40,32,21.80928439,43.51302884,7.35531513,44.9861891,safflower
31,49,35,15.1385716,50.60000951,6.91369652,41.32327198,safflower
47,45,28,21.33572158,48.99791412,7.37351728,40.98058015,safflower
47,43,36,18.13090234,57.66823411,6.70871002,37.6197379,safflower
33,34,37,18.57202261,52.02824137,7.48369708,31.35602105,safflower
48,49,20,23.00026441,56.22984413,6.71938458,30.02521746,safflower
41,39,29,16.28051537,48.75291144,6.77986933,33.68568682,safflower
41,39,38,21.88898102,52.92603719,7.19920798,39.57294804,safflower
45,33,28,21.00209573,50.46701536,7.17909702,35.80325934,safflower
33,39,31,22.33472855,58.79527989,6.99071827,42.70830437,safflower
46,44,24,24.96607242,58.7527257,6.91760032,39.05317285,safflower
32,39,33,23.57882148,49.4403029,6.52810164,38.04324889,safflower
35,45,34,22.47028792,40.31237615,6.64551897,31.89423142,safflower
39,43,24,21.38829615,41.01139215,7.18672633,40.31938112,safflower
36,50,31,18.75720506,57.14084666,7.3682013,43.53904643,safflower
39,35,30,18.55695235,46.30379807,7.40742766,42.92026547,safflower
43,44,34,17.55329295,43.09418877,6.78780069,46.06067095,safflower
46,32,39,17.22440234,52.74161262,6.68152198,53.73045373,linseed
41,48,21,16.44699793,65.28918416,7.49137872,42.41868077,linseed
47,41,29,10.9302535,56.71226073,6.05110347,43.69541619,linseed
48,41,24,24.70846232,52.31213539,7.09166593,48.91632767,linseed
35,37,20,16.878722,57.30098765,6.95567099,52.61160226,linseed
33,33,27,16.26994804,55.67707413,6.76280516,63.97279033,linseed
45,43,21,14.09534139,64.52368248,6.13088892,41.12728113,linseed
42,37,39,21.45721401,63.2573498,7.42350565,67.31103073,linseed
46,33,23,14.97869731,59.32222129,6.77208256,55.46269703,linseed
48,37,36,18.03124743,63.10706109,6.17593256,45.51187726,linseed
41,36,39,17.4770776,67.39048317,6.59971686,61.52331135,linseed
34,31,27,12.18064577,68.76872958,6.11921807,63.31581402,linseed
41,34,30,10.17349832,61.49321774,6.13372162,65.17647025,linseed
42,44,21,20.60077139,57.21667263,7.29512701,61.53194862,linseed
42,31,20,24.07673891,63.77009213,6.83856597,50.79343934,linseed
39,35,33,10.45659944,64.03687981,6.00144119,54.13293765,linseed
39,31,21,13.13511106,65.79218133,6.95781351,57.1400594,linseed
49,40,37,12.7573065,65.78238543,6.74974566,54.28227948,linseed
36,44,25,24.73554319,52.90820269,7.03441973,65.04145116,linseed
47,37,23,13.45365935,60.44424671,6.27866123,61.55647081,linseed
40,39,31,11.36647803,58.10945342,6.62344993,48.56545664,linseed
46,44,38,23.22282503,65.40182059,6.80697954,42.15220941,linseed
39,45,24,10.54230964,61.58088129,6.10258315,48.00399336,linseed
39,46,33,17.4914243,50.95172608,6.64718576,60.88221603,linseed
33,49,29,12.92308507,61.62440745,7.3752979,54.75496059,linseed
33,31,24,15.33681165,65.56237149,6.8359759,69.90745561,linseed
33,47,22,22.67702832,68.09617798,6.38508555,62.31791411,linseed
38,44,26,16.72188671,67.41209958,6.99099344,41.47149378,linseed
47,48,36,13.30218394,64.99462198,6.07331703,68.91289093,linseed
45,48,37,20.399662,51.57368772,7.39627687,50.87293382,linseed
44,43,38,16.86872464,53.26476513,7.14103418,48.23611859,linseed
40,43,23,12.46365123,52.50127354,6.03250391,61.54243197,linseed
43,38,34,18.94339374,55.26085003,7.04281934,43.06151596,linseed
42,32,29,22.48778175,57.7593369,7.13442519,57.59596422,linseed
40,37,39,14.55152265,57.51797855,6.85065199,63.70425188,linseed
36,39,22,24.85788329,57.97599686,6.6844704,42.31952788,linseed
37,34,32,18.55190375,61.23798021,6.51973956,57.6079485,linseed
35,44,28,16.9052052,60.34505025,7.01421965,53.93893375,linseed
46,49,23,15.38077154,62.1161339,7.07787063,59.49856585,linseed
47,46,24,21.13571156,68.03984503,7.0570194,51.87244851,linseed
47,46,25,12.38514159,64.46778458,6.32531345,52.72310096,linseed
44,40,28,24.621052,51.59788018,6.54451073,65.26027425,linseed
47,41,38,17.32313713,60.63366919,7.25698402,51.37600749,linseed
42,35,33,13.35239946,53.27809748,7.0026914,46.904005,linseed
42,48,29,11.1372933,68.91136304,6.33285049,46.31903409,linseed
50,45,28,23.75620476,66.26517141,7.29315643,42.8681758,linseed
32,40,27,12.43650072,53.69097319,7.44771658,41.75327005,linseed
49,31,36,19.10049793,55.70971747,7.17485978,42.57692902,linseed
50,35,33,10.89622246,68.01022835,6.53160608,51.83281486,linseed
44,40,30,18.64965096,53.09801532,6.01819141,63.68705606,linseed
40,36,24,11.92877359,68.71256323,7.25880523,69.23431069,linseed
42,49,29,23.58244623,57.26844262,6.6891115,60.59538672,linseed
44,31,29,14.32150403,55.02630817,6.00890387,56.29166886,linseed
48,43,38,23.8856667,52.42226854,6.61135869,49.46215447,linseed
36,37,32,19.73536625,58.74749034,7.34823081,45.45268293,linseed
32,34,34,12.42438017,68.06494829,6.59390163,41.29053427,linseed
47,44,34,22.69519006,52.67759394,7.01913256,55.0203564,linseed
31,33,20,14.59211246,55.68742276,6.86121003,40.18975684,linseed
35,38,33,23.5242185,65.50246129,6.90509171,41.5768146,linseed
30,36,33,21.33562359,53.73460838,6.40676802,66.68554259,linseed
44,46,26,17.26493458,50.89879328,6.3020377,63.16100356,linseed
33,48,30,18.80084448,62.3134984,6.05861271,56.76432167,linseed
38,45,32,15.90228542,59.85369325,6.04273852,44.35546885,linseed
42,38,25,21.26114707,52.87171992,6.16232943,68.94215389,linseed
31,48,33,19.80246168,56.78797082,6.13226829,65.30732009,linseed
50,42,32,19.55124915,52.36564905,6.2045071,45.98696611,linseed
31,44,28,13.1044456,60.87007491,7.15709361,49.23464537,linseed
40,44,35,20.39618798,69.2246985,7.32825148,61.07028837,linseed
49,46,39,18.62382535,58.61861959,7.08944522,50.43586573,linseed
30,42,35,17.87059698,58.69881191,6.70988087,69.16848635,linseed
38,31,39,13.32990857,50.94790403,6.08214663,66.88741769,linseed
34,48,35,10.31707885,58.71789649,6.39977756,62.49590723,linseed
35,49,27,16.44743639,57.76116929,7.45102805,60.40688358,linseed
34,48,29,17.98900621,53.86969997,7.35893787,60.82436826,linseed
31,40,28,11.40402916,64.69856205,6.46201299,66.54954933,linseed
33,31,28,23.41705244,58.38495109,6.22882527,68.62085362,linseed
39,48,26,12.60202618,58.63879691,6.95114598,51.15801303,linseed
41,49,25,16.05410313,62.17709005,6.17894051,69.7049265,linseed
36,37,34,15.7944683,54.03489088,7.2896289,53.20976003,linseed
44,38,33,13.13044007,64.69260737,6.23313952,43.27360213,linseed
35,39,36,19.52376258,66.51450566,7.14456863,52.56318622,linseed
37,36,32,20.95905984,68.42377845,6.19695308,49.74105572,linseed
36,33,29,17.03911097,64.79493069,6.72440435,67.4632639,linseed
36,50,36,13.62264698,62.31963016,6.41532092,60.07247009,linseed
38,40,32,18.96865339,66.09862543,6.11704903,47.15008931,linseed
40,34,24,17.35446593,61.8020865,7.22969632,52.76749431,linseed
30,40,32,10.84881561,67.21974442,6.18456312,67.80757015,linseed
32,46,34,14.96911263,54.70195737,6.57467545,52.50867202,linseed
35,49,35,24.94942393,63.18983456,6.47021342,43.81513421,linseed
33,37,31,22.06564917,50.08071725,6.55493985,63.7734434,linseed
45,33,40,23.99831869,69.30584407,6.32807192,52.40529416,linseed
31,39,30,24.08176902,52.65511352,6.24429166,43.72346434,linseed
45,40,29,17.90649158,64.03627241,6.19905533,69.51392798,linseed
33,42,21,17.9554053,68.50479459,7.14779439,69.20736179,linseed
31,47,29,20.20316784,61.5592487,6.70848106,42.36178159,linseed
39,38,38,11.24608384,68.45927016,6.53585255,63.80465681,linseed
48,44,25,17.60072318,67.96901497,7.24040271,69.89318296,linseed
34,35,21,17.42335374,67.41348425,7.07255907,65.4875935,linseed
34,36,40,13.82807904,61.36623187,6.66755062,53.55404463,linseed
43,37,39,10.45621284,50.68475934,7.26831773,62.98487215,linseed
67,44,70,22.62753428,63.11612992,6.5081601,74.15238379,tomato
53,59,57,27.55533983,71.75123464,6.1009492,91.26012459,tomato
69,53,70,20.82790408,62.58491948,6.89946924,73.65627081,tomato
54,50,60,22.07522011,69.40357492,6.30568516,70.65848086,tomato
57,49,68,28.78349591,65.90382401,6.26278113,71.71647672,tomato
55,44,63,23.30353827,79.10941368,6.5470257,85.41941572,tomato
53,45,67,28.3651713,68.67128701,6.88625364,90.08834028,tomato
77,54,62,20.76442863,79.13205492,6.40466315,85.90693576,tomato
73,46,70,25.04379534,64.32287052,6.33996306,91.62962277,tomato
57,55,66,22.54900253,75.78391853,6.38909637,81.08458607,tomato
50,42,63,27.54103595,72.39717951,6.3466177,62.26096527,tomato
70,48,52,27.98692076,72.83670531,6.74349938,76.86798785,tomato
75,49,53,20.35481855,79.45992426,6.98706842,84.16901885,tomato
58,50,62,28.02879788,76.55698897,6.30770163,68.1777032,tomato
77,46,53,20.4732137,63.09558392,6.05593027,63.33544367,tomato
73,49,63,25.29081388,75.25858861,6.16297548,61.56286182,tomato
70,41,69,23.71632068,78.6834511,6.35692631,83.72981138,tomato
79,52,52,28.80407623,69.53501106,6.08527655,73.59108078,tomato
77,40,67,28.32487167,66.48002236,6.69789436,96.77171728,tomato
73,42,66,26.41468107,63.82560576,6.69354846,89.40913315,tomato
74,58,50,25.96632298,65.09327618,6.67732101,86.45644793,tomato
73,47,62,28.20184123,68.32784936,6.08126196,97.34414371,tomato
69,47,69,20.60686912,68.89085668,6.95624751,84.7342687,tomato
70,53,52,20.89740471,76.7057511,6.99016276,62.36811712,tomato
53,42,66,23.7305636,79.90936621,6.55093505,67.33439619,tomato
53,53,55,20.69110935,75.34034945,6.29021855,84.10307922,tomato
59,54,67,21.83139126,79.00347243,6.87825456,67.61343545,tomato
59,40,56,21.09750786,62.08297124,6.49333852,62.53836849,tomato
61,60,69,21.3383605,78.87694633,6.68082708,96.45429475,tomato
64,44,60,25.8172788,65.56809984,6.20922469,60.30480123,tomato
53,41,60,26.89726564,75.51663648,6.91459091,97.76552612,tomato
60,42,69,22.32921822,65.91849215,6.19619337,98.96943809,tomato
53,44,63,22.29319416,74.43064006,6.18986472,96.71234315,tomato
61,47,63,26.3219587,73.43868406,6.67422052,83.36673061,tomato
79,41,64,22.70086872,79.82430478,6.0907441,87.19588885,tomato
52,51,67,23.0154074,73.88118068,6.18486653,97.60713783,tomato
74,59,57,25.58053628,61.60175114,6.56545084,87.92641742,tomato
52,47,65,25.80634478,66.51942975,6.14505445,72.93683597,tomato
79,50,67,22.17930868,64.0390821,6.38746696,76.90090292,tomato
54,43,54,20.46468867,69.104212,6.60667323,90.18115131,tomato
51,44,65,21.21579712,75.02603863,6.22742568,61.99975473,tomato
56,58,57,25.0307992,68.45292737,6.1038959,84.45957143,tomato
62,48,69,23.77935643,77.74662365,6.34816502,61.34124135,tomato
72,55,65,28.21439942,76.49769723,6.01167464,62.52565268,tomato
55,40,56,21.28897361,76.30524096,6.64241902,85.51350518,tomato
74,40,60,22.42793471,69.01659058,6.83113792,85.99368794,tomato
78,57,51,24.18224183,68.19423208,6.55849523,88.05358569,tomato
58,59,67,25.62195383,79.7013632,6.92927463,65.34556009,tomato
62,58,50,29.73794353,67.05675757,6.11952206,90.95552211,tomato
65,52,62,27.87103864,61.41563005,6.4453332,83.83400426,tomato
74,48,65,27.55406036,60.64375273,6.44574901,68.60447074,tomato
66,44,62,26.92064645,61.30639367,6.16441733,83.42563002,tomato
77,48,64,29.39408447,65.78710339,6.76442796,71.91072355,tomato
64,56,59,27.45117191,79.4823961,6.13104348,62.69095797,tomato
60,48,56,21.44188288,79.46871658,6.94948222,77.8216978,tomato
78,50,67,24.03908941,70.32330805,6.10573673,99.35766885,tomato
66,55,58,21.78518836,72.45560369,6.90510277,63.59068122,tomato
80,55,60,27.51336217,61.39487904,6.12377713,83.52431105,tomato
59,56,67,25.72030487,68.47799575,6.41424877,96.20132389,tomato
65,41,60,28.72098048,70.33325704,6.62749266,66.10359676,tomato
80,51,57,29.7252383,69.1213675,6.40713738,76.65631515,tomato
77,59,69,24.44964821,61.88755898,6.76511856,65.55796609,tomato
59,45,59,20.93530435,62.53850763,6.13991333,63.42631858,tomato
66,43,69,24.44480736,69.86505265,6.88670503,60.67028331,tomato
55,56,52,23.07573863,76.34638437,6.15046712,78.83666305,tomato
80,54,60,25.99275435,74.2287938,6.1753223,73.5945883,tomato
68,46,51,24.76305514,74.55911825,6.91671946,70.13231784,tomato
63,56,60,25.23260806,67.67270419,6.47229345,94.72558388,tomato
54,46,68,28.73648215,72.85763401,6.61509155,86.91067975,tomato
61,44,64,22.68087604,67.8049911,6.00951924,63.75476587,tomato
59,57,51,25.35991109,72.72073086,6.05627515,64.59758613,tomato
57,48,59,29.5331012,74.17368222,6.4125935,63.1395139,tomato
79,45,55,25.51434511,62.71603481,6.12154444,89.17041077,tomato
54,54,54,29.78868063,78.9818531,6.17057981,82.80635492,tomato
63,59,53,27.86383403,68.85334402,6.18451483,66.94070075,tomato
75,52,58,27.38578708,68.93304032,6.69332296,86.85977177,tomato
52,42,63,29.70189843,61.28666948,6.4189691,88.08301345,tomato
62,49,56,27.53010033,67.31096939,6.45475649,70.838153,tomato
75,43,58,21.06526057,67.34204332,6.24504143,87.85088929,tomato
55,41,56,27.97080706,70.19145995,6.73088753,62.24687202,tomato
62,58,50,26.27200397,67.53194752,6.38491352,70.48783902,tomato
75,58,50,24.19552628,78.98273376,6.75889985,79.81456426,tomato
51,48,61,27.21989132,66.64148664,6.41874737,94.16875788,tomato
68,45,61,28.73682188,67.98418818,6.26855051,71.44051752,tomato
77,48,61,25.84358036,68.32211362,6.64007227,67.29098275,tomato
61,58,52,24.10645915,73.36421449,6.78420723,74.04877771,tomato
52,56,58,27.68349938,63.35451974,6.02252292,81.61294768,tomato
60,52,57,24.04896099,78.39192589,6.43075059,95.02643297,tomato
73,45,62,23.70809858,68.4780017,6.26416247,86.8454338,tomato
59,46,50,28.50082229,74.45775837,6.45614303,64.51968106,tomato
54,40,67,22.268983,75.7540182,6.16406665,72.38700712,tomato
71,44,61,20.85608398,66.24908432,6.48626174,66.28767065,tomato
68,59,59,21.60656294,72.21464576,6.11790141,71.64374726,tomato
64,58,61,28.23424665,64.83992433,6.52605169,74.80559777,tomato
68,46,50,21.80403639,72.76765004,6.77459339,76.08586318,tomato
64,56,55,29.95117792,68.15152566,6.78630786,80.35370416,tomato
72,41,50,27.49772276,66.22324214,6.60921221,94.48271768,tomato
78,60,69,28.92294393,69.1850386,6.34600696,92.35479299,tomato
72,42,51,21.38734011,60.02820294,6.36662942,81.79673595,tomato
73,45,62,27.591794,60.89358886,6.8517424,67.04128736,tomato
73,50,76,24.88924346,51.14491223,6.05696486,64.17538345,onion
77,59,65,23.51123576,67.26923996,6.10403915,73.04759633,onion
93,51,79,24.96239608,60.62133921,6.75419014,53.66954122,onion
86,47,70,22.88279643,58.53400914,6.06864786,67.52944094,onion
65,58,67,23.07525927,66.8419416,7.38999259,57.27248794,onion
68,40,65,16.37540951,50.48195387,7.00578753,58.65444383,onion
79,57,67,23.25012367,59.02226199,6.46079098,77.71602685,onion
74,57,60,20.05705876,58.72769577,6.11209524,76.21549477,onion
65,52,73,21.89408481,54.85995335,6.88872977,66.67962488,onion
73,44,67,24.1550548,64.17053702,6.73630596,52.72124328,onion
96,42,63,17.93376498,52.37758979,6.54658002,59.06418582,onion
73,53,79,15.22599383,62.42371185,6.3707481,68.54283062,onion
84,53,79,19.74578766,51.38311988,7.00455822,77.01709876,onion
65,54,74,20.47130529,53.59429384,7.03327937,53.42875902,onion
90,46,71,18.32719872,54.48875664,6.5491117,74.85919842,onion
60,57,77,19.53505574,56.11901504,6.18322226,67.44242944,onion
75,42,72,17.74802541,59.63674944,7.22646277,58.50480158,onion
80,48,60,21.01640223,58.01990983,6.88662626,67.94038204,onion
98,48,75,23.36068325,58.73978253,6.93219605,57.94013993,onion
98,46,79,22.01845055,66.04303489,7.11331911,69.3799466,onion
90,54,67,24.63413607,51.89395359,6.77406611,53.25501989,onion
91,55,62,23.39285613,68.0300907,6.37221981,62.95274395,onion
64,57,71,15.41945978,66.59400542,7.42051384,51.45309984,onion
100,42,71,15.55224016,63.57570926,7.32026361,60.97309613,onion
62,48,70,24.99379886,54.55555744,7.24730356,65.45182142,onion
72,57,62,16.57274947,59.18951097,6.3322943,70.44041355,onion
97,41,77,19.50482931,60.34220022,6.22760382,66.17652473,onion
68,55,64,21.56734617,52.41415881,6.8427603,70.5239245,onion
60,52,70,17.4698196,55.76126351,7.20118381,68.97422247,onion
89,46,67,21.61439267,67.98161771,7.24686252,58.91709505,onion
75,43,77,24.6486092,66.66535367,7.34572842,67.83868787,onion
65,51,69,16.19647966,58.93562585,6.19547784,66.29881446,onion
61,46,70,17.00388785,60.33182669,7.24561919,57.66617561,onion
87,58,72,20.86162914,65.91428705,7.29496953,71.56134712,onion
96,49,69,16.38796465,50.78271475,6.65976537,78.53139951,onion
66,54,80,16.18057528,60.64321142,6.08068739,65.13383157,onion
84,48,69,16.60299558,67.34781886,6.54314762,55.62738787,onion
79,55,71,22.14680495,56.84929706,6.70049457,54.70311057,onion
75,43,75,21.90307776,50.62728995,6.01476086,62.56597536,onion
85,58,79,18.5306469,53.90745297,7.06072835,71.40084217,onion
63,42,65,24.19409728,56.3966263,7.13350108,72.41485663,onion
76,46,61,20.15162085,51.55507473,6.92084188,51.26295751,onion
77,41,71,24.2143946,53.4506948,7.33370485,62.11412427,onion
87,58,62,20.54532939,68.5543978,6.35714281,55.62502461,onion
75,52,72,19.73044574,68.29016221,6.43764636,65.91879304,onion
63,54,76,18.35172196,50.34130242,6.40878798,71.67819252,onion
66,57,61,24.2657591,52.97830546,6.80394481,73.07793887,onion
99,41,64,20.40053091,69.97904838,6.28545039,60.97418156,onion
66,51,75,22.4868011,60.08391378,7.37308678,75.21443034,onion
77,54,74,23.86898384,54.34313153,6.60444791,56.42037654,onion
91,48,73,21.54025485,64.44023548,7.05210179,77.86264742,onion
67,56,75,17.99672511,59.18810489,6.24005146,75.97477854,onion
84,47,75,17.84142002,59.42042815,6.08756952,55.22113927,onion
76,55,62,19.12386631,54.77107594,6.74698433,50.96719845,onion
64,48,79,16.26960598,68.21816719,7.36322918,54.39502528,onion
90,45,73,15.35838846,67.45024583,7.19396999,69.53316818,onion
74,56,62,17.12892528,56.23992781,7.31003141,64.31460946,onion
92,57,69,16.376583,51.51274265,6.17749861,55.35545633,onion
89,52,64,24.41061059,55.3903759,6.42526477,77.69775942,onion
70,52,78,24.96667688,60.66620019,6.94486854,50.5092806,onion
96,46,71,21.572712,63.15341839,6.85348885,69.68849982,onion
92,58,78,16.74338481,59.62160042,6.47588665,73.22995397,onion
99,54,77,15.33074669,53.12463756,6.76220739,77.2146057,onion
77,57,67,22.74573121,61.03918332,6.64379313,60.46566031,onion
92,45,72,24.09461524,53.91047166,6.24170654,63.55935482,onion
87,57,78,24.22417504,55.24445607,7.20019705,79.29992364,onion
95,49,77,24.02893935,58.0606231,7.20418798,60.9428655,onion
84,42,64,23.08012713,63.21608146,6.58430296,63.77274542,onion
95,59,80,20.4667956,51.2828288,6.50576123,64.00638531,onion
68,49,79,23.91888201,51.53988624,6.28458091,55.73992757,onion
83,48,72,24.73274354,64.39130509,6.53594114,70.34513226,onion
94,56,71,16.00099719,58.56733072,6.94505754,66.59330817,onion
93,54,64,22.19749003,55.63446228,6.76533713,56.77877528,onion
64,54,68,17.54623002,55.04580588,6.99764511,72.83911085,onion
85,44,71,24.23226635,62.17643969,6.93934944,67.41734511,onion
73,40,73,20.84968953,66.10098112,6.95453667,77.70358384,onion
79,46,67,24.23777458,59.85768984,6.8850562,72.68314538,onion
62,46,70,18.33439398,57.9523022,6.34248859,65.1902361,onion
70,48,79,18.89440769,61.66353477,7.17259888,78.74216076,onion
86,60,79,21.81635933,51.69941733,6.80228434,67.53979099,onion
60,57,78,21.46173668,55.82174544,7.07242,71.64090015,onion
84,48,80,16.24472684,51.99764248,6.24698302,58.62700514,onion
84,49,74,20.48424165,59.05583452,7.40871353,74.38911955,onion
89,56,63,19.58122077,60.9042379,7.29205408,64.81345115,onion
100,48,78,18.65068302,55.70453165,7.21977939,68.2710648,onion
95,49,79,17.69629461,53.66346026,6.08160986,62.4994026,onion
60,59,66,20.027081,57.52014077,6.94854663,73.83442775,onion
99,53,76,15.74003516,68.99394552,7.12410582,66.87991332,onion
62,59,63,20.12061757,50.04332218,6.41256072,66.49848505,onion
98,55,74,19.54890787,66.62077925,7.36373471,57.3130894,onion
81,40,69,23.83484795,52.41986876,7.07032537,77.85259941,onion
80,51,74,20.715669,55.47985884,6.48295793,55.23007234,onion
87,46,64,16.30922719,60.77000285,6.38916348,62.53888236,onion
70,48,60,23.92560783,60.83107574,6.09408554,63.50041954,onion
77,48,70,24.1303706,63.10689258,7.26623701,74.48823816,onion
94,51,74,18.09140024,60.68652987,6.36429244,58.47643493,onion
96,50,63,24.42426043,54.24504264,6.25708597,64.1784551,onion
97,50,72,24.84575734,56.88072019,6.83967379,52.4516884,onion
68,47,66,19.2809373,68.26705881,6.40041514,63.37298586,onion
61,54,74,19.80498847,60.45442893,6.42031802,68.28470958,onion
74,50,65,21.2010753,51.86290644,6.09332876,53.12144884,carrot
73,43,92,18.10908156,64.49972206,5.9870283,53.6623055,carrot
64,46,78,16.18932026,64.90382633,5.96823465,63.18434614,carrot
48,57,84,19.0335848,53.85530889,5.53444838,50.53787289,carrot
55,58,71,17.1695883,68.74419357,5.99419514,64.26413406,carrot
44,59,75,24.18044745,54.87780027,6.57244183,66.87586053,carrot
41,43,74,19.27155032,61.40978013,6.83411111,57.31993983,carrot
49,53,86,23.18080047,57.04022212,5.83675039,60.81064956,carrot
59,54,92,17.34897764,55.30255724,6.93706814,53.11445195,carrot
49,60,89,15.18709216,64.52976471,6.79562701,57.78193524,carrot
75,54,92,24.63029914,57.0307383,6.11898531,70.94786436,carrot
65,44,92,23.07313699,55.22405689,6.9281446,59.18790679,carrot
50,45,86,17.45172009,59.01939852,5.66612911,64.81283,carrot
79,54,72,22.24510832,64.86519647,6.96673882,53.47323538,carrot
50,46,71,19.12504124,53.66518502,5.54571758,69.58031321,carrot
68,57,74,24.98503504,56.95790287,6.93298185,53.29536661,carrot
51,46,100,16.79682076,58.91000899,5.90347507,71.60095251,carrot
69,59,67,15.96270295,61.73807056,5.68995989,68.0038871,carrot
61,50,79,15.43535,59.7448684,6.93007902,66.68530445,carrot
52,52,80,16.67002694,61.7753874,6.72385217,67.05987426,carrot
55,54,91,16.18878891,54.20346957,6.05553886,68.26528553,carrot
72,50,97,16.82559997,68.69342128,5.51786186,64.49371716,carrot
53,41,100,17.11703039,53.1923172,6.9853283,74.02136363,carrot
72,54,61,20.28158456,58.78998041,6.47178548,64.98777359,carrot
55,48,96,16.43389305,61.38950184,5.64546883,59.73899936,carrot
74,40,79,19.21918044,63.66049944,5.66668586,51.0908059,carrot
69,50,98,24.63019548,64.65600665,6.86919969,54.02278447,carrot
53,41,86,16.90733854,59.31050285,6.31331226,72.05627891,carrot
43,59,84,17.84948369,61.66844573,5.81348561,70.83716231,carrot
45,51,72,15.29641242,68.8265937,6.51345557,59.67975928,carrot
52,45,72,22.01813549,60.52937859,6.59050278,67.16693215,carrot
41,42,80,15.10060477,59.94749788,5.81022721,52.82820863,carrot
50,48,95,19.32783115,65.53050824,6.78936335,54.80080298,carrot
78,49,73,16.91109307,50.22056437,6.25480772,74.84782781,carrot
60,42,96,16.60532812,66.95212622,6.43024166,69.02334249,carrot
73,54,97,18.98416892,54.99270605,6.74898915,70.93485366,carrot
44,58,93,15.83278201,53.89830817,6.09894072,63.88882652,carrot
59,41,90,22.79475099,66.20762535,6.67690363,54.09025355,carrot
46,47,99,21.51833539,59.04674095,6.99361512,53.4106275,carrot
68,44,84,23.99662771,55.72348407,5.88980489,53.96656733,carrot
80,51,89,15.52278427,65.30376069,6.07583767,73.88781408,carrot
62,57,99,15.09138963,56.18716652,5.99902787,72.57433232,carrot
60,48,79,18.75369248,66.14610158,5.83832716,70.54810866,carrot
78,45,69,24.52297802,54.07163855,6.67274512,57.73311168,carrot
70,46,90,17.38908151,55.84028431,6.7617225,52.56534079,carrot
53,59,68,18.51326658,53.67398325,6.71479226,58.40042446,carrot
47,47,67,21.76424246,58.90179146,5.87104998,59.73023452,carrot
51,47,63,24.81624925,51.20115018,6.68246959,58.74570197,carrot
64,55,71,23.80212592,69.68086803,5.68269796,55.69725594,carrot
46,54,65,23.75134506,57.76608615,5.56928424,58.38771534,carrot
56,48,75,24.91599532,54.37008996,5.56364109,70.37413695,carrot
67,44,62,18.18774274,68.38120148,5.96034234,50.73669444,carrot
58,43,83,15.09591185,51.9683589,6.65800742,56.79752111,carrot
78,46,71,22.45051826,60.1154911,6.09489936,58.07810936,carrot
73,48,70,24.82438549,65.4461348,5.71308615,70.18848415,carrot
52,46,67,18.57379463,61.67279454,5.98507672,68.14257352,carrot
49,59,67,23.44336284,57.40508236,6.22526306,71.44575117,carrot
66,47,62,19.20764111,67.71868591,6.0365133,55.554311,carrot
76,53,96,20.22674058,55.90384996,5.76388232,50.64017288,carrot
61,45,62,20.11503554,66.3395628,5.86484255,74.3981364,carrot
61,57,75,24.19854091,66.23795146,6.88360961,68.62105314,carrot
60,41,78,22.65405141,69.31944909,6.97940721,62.20729489,carrot
74,51,78,20.13953615,53.79290764,5.59338678,60.94655785,carrot
70,53,71,19.72793174,65.82513085,6.83385115,67.17708566,carrot
75,40,91,24.17785428,60.04089279,6.54746965,56.74094697,carrot
72,56,77,16.4010936,69.88400386,6.13119865,63.39211497,carrot
46,45,72,19.49984195,50.75973323,6.90812907,54.32409893,carrot
65,41,71,24.36683971,68.59386268,5.67780723,59.52522626,carrot
50,52,98,20.44092047,60.01856561,5.83115146,74.8300501,carrot
50,54,86,21.71002355,62.26121086,6.36814373,63.75806784,carrot
71,41,91,19.26958279,61.93734465,6.13964562,59.72131666,carrot
70,46,72,22.16553529,53.76934239,6.73057538,53.27722658,carrot
60,45,80,20.36228145,60.57591545,6.3203843,68.11544507,carrot
48,49,90,19.19675428,62.98254359,6.51500411,71.250915,carrot
60,53,75,16.5513736,68.49320809,6.3628161,65.67658446,carrot
42,44,93,19.89925813,58.50291913,6.12386957,72.71800914,carrot
77,45,91,22.87171161,56.27194492,6.52586148,66.16494165,carrot
65,49,72,18.75943583,61.06956635,6.24535309,74.16642315,carrot
65,52,86,17.2545171,62.25458384,6.04648077,70.83918477,carrot
44,44,71,17.87588504,67.22529844,6.01192047,65.45731748,carrot
50,54,86,23.94603965,52.30366318,5.9571181,61.64983553,carrot
71,58,99,17.72736832,66.83557132,5.77042956,56.79334622,carrot
53,58,69,16.61828157,58.65460038,6.76794165,69.73952796,carrot
66,51,70,21.19914394,55.27618045,6.05156777,71.22578552,carrot
59,40,68,21.25111173,53.84613193,6.89868018,71.89806774,carrot
78,43,94,21.46406574,60.71610447,6.09247535,50.11508443,carrot
64,54,70,17.439271,57.38984379,6.29066209,50.26079373,carrot
58,47,80,20.83890952,63.79805718,5.57929453,60.34400115,carrot
72,45,99,22.14434028,51.15836695,6.25869862,63.3776606,carrot
70,49,100,15.26248163,68.19028631,6.06063402,57.88297029,carrot
59,55,85,16.96043394,50.58433436,5.50470678,68.77959305,carrot
80,52,83,21.50917849,65.03283016,6.7954361,57.35918682,carrot
65,57,63,22.74538518,69.63888872,5.78859685,62.15159509,carrot
46,57,77,21.52855884,53.12795375,5.60273873,58.54437182,carrot
79,45,94,24.39114819,64.37278892,6.12259028,67.6553053,carrot
74,46,95,15.02186006,67.85161311,5.7677563,69.52062564,carrot
63,56,64,16.17537118,54.24153864,6.64345323,74.87159087,carrot
54,48,87,21.46572758,61.79541014,6.82961657,53.40883833,carrot
53,49,71,17.58622939,68.31624491,6.00577986,51.5690913,carrot
46,56,86,20.12312648,66.99160802,6.25283346,50.95487927,carrot
54,32,49,10.55593856,66.12699917,5.96556721,41.06959712,radish
43,43,49,23.9305678,62.85220182,6.44303013,49.82939116,radish
52,41,50,21.84532481,52.18779403,6.06940807,47.75189666,radish
50,38,49,22.45599783,68.79569123,6.19667578,48.20704683,radish
59,35,59,16.38093348,61.59943589,5.73136321,48.26175893,radish
55,46,49,22.73355019,60.55140778,5.92858161,46.77790307,radish
57,36,45,10.47497878,53.97685529,5.65598568,43.00239576,radish
47,41,48,24.97460682,55.15064208,6.24933727,58.22730026,radish
53,50,49,22.30683033,59.90472047,6.80794426,41.99874573,radish
45,33,59,20.34633059,54.74624266,6.95921674,46.92578462,radish
45,33,48,13.45385097,56.31675733,6.01718376,47.66523558,radish
45,45,56,14.25178819,53.05844703,5.51223971,56.01014117,radish
48,43,51,20.28126755,62.49446804,5.54405908,46.15100822,radish
52,46,45,14.09296991,53.93073631,5.68933612,52.97916342,radish
51,35,41,10.46322142,68.15294481,5.94948238,52.91735412,radish
44,39,59,13.74913409,50.24755913,5.76194919,41.06013091,radish
57,34,47,22.99798607,50.16089803,6.38765155,49.97118692,radish
46,36,41,17.42570679,69.79894056,6.90252449,45.91142976,radish
59,33,58,20.94099429,69.13298294,6.58697038,41.78342428,radish
46,43,53,19.70389363,53.88177443,6.55201605,53.43601981,radish
54,47,53,15.76927801,58.79851042,6.96287625,59.69680895,radish
47,45,59,11.45218962,51.44972538,6.82492219,52.6340826,radish
54,43,49,13.19347904,55.75576081,5.58206548,48.06853802,radish
49,31,52,10.86458793,68.13070891,6.03171731,47.74601178,radish
52,47,45,17.04155663,67.90065734,5.9122741,57.99407785,radish
53,31,46,21.99482179,67.86769484,5.76450247,50.52148893,radish
52,33,45,12.99434543,51.74419016,6.50041793,46.22659195,radish
42,33,59,16.93224727,54.91275475,6.18875412,49.2574316,radish
41,48,53,15.15243786,68.51565151,6.69743797,41.6562133,radish
53,44,47,16.98006202,54.07013441,6.52370332,56.56766965,radish
55,40,44,20.14537892,59.36410885,6.38546788,41.08700735,radish
54,32,45,14.94730675,56.80645043,6.11553933,56.99677683,radish
55,31,55,12.17095589,60.34789114,6.13060447,47.5277771,radish
45,46,49,17.92321718,60.39587136,6.18826064,53.57861368,radish
42,45,50,24.90583344,58.31948736,6.69939292,47.78966372,radish
41,41,47,10.27038602,63.77843362,6.51871301,47.01389853,radish
40,39,41,12.8670871,62.65685707,6.78300094,52.42789961,radish
44,35,42,17.67337916,58.23605291,5.77973737,42.88133236,radish
46,47,43,18.11415013,50.37695571,6.334378,54.56095503,radish
47,31,50,20.55557569,58.70925342,6.88845251,40.90043671,radish
50,42,50,13.70791817,58.49727353,6.21926889,55.07374487,radish
60,41,51,23.3791535,64.97219763,6.40127279,56.64292324,radish
55,39,41,13.85863685,69.6822254,5.5279931,56.1004381,radish
54,40,54,20.97923912,52.05349939,5.52276921,58.2553409,radish
52,43,60,11.69894563,50.79637272,6.87698459,49.22206066,radish
54,45,58,23.95474096,62.62560044,6.56823247,45.31195004,radish
58,41,52,23.83042794,60.17951242,5.91139331,50.16164845,radish
48,48,47,18.13076877,52.93608577,6.75762584,54.25933664,radish
47,46,42,10.84933377,53.90187058,6.79304252,45.61658541,radish
55,46,41,24.17030015,59.5616663,6.75383622,49.2515322,radish
53,36,52,10.30293011,62.67262517,6.43373672,44.26441681,radish
46,39,57,21.89564781,61.72330501,6.82876845,58.24875024,radish
53,33,54,14.50569424,56.82007948,5.59202911,44.17988641,radish
50,43,43,20.9143041,56.5634532,5.67079752,55.28432975,radish
47,45,50,14.48953787,54.36141016,5.70671487,59.31953166,radish
53,34,45,23.30365468,58.43733242,5.87812169,47.75348492,radish
51,36,42,10.7178812,53.15994771,6.60433497,52.48664152,radish
44,35,57,13.07047783,52.24065527,6.63561545,43.30440275,radish
50,37,43,20.04039142,53.72409267,6.30216057,49.44187134,radish
57,38,41,24.92548204,56.98309116,6.45498854,48.86010538,radish
45,47,52,24.5395339,67.2810095,5.51003846,44.09079769,radish
43,43,44,12.11832584,65.84735812,6.58802813,51.72719692,radish
42,49,53,23.90422773,55.55714384,6.81431001,45.47939749,radish
52,33,43,15.96758503,52.41929854,5.52365163,54.54372317,radish
50,41,47,22.69378135,52.77786167,6.07774721,47.87172591,radish
42,33,59,24.20049645,51.23014704,6.11656821,44.95048116,radish
45,33,47,14.5495168,69.41111538,5.88992756,56.4460931,radish
56,45,48,23.83614878,60.20318511,6.30220757,57.99010497,radish
56,46,42,17.63532876,65.25880424,6.65524701,55.97138116,radish
51,41,55,11.1128616,56.94881811,6.78699337,55.27605356,radish
44,47,49,12.72886615,67.1765054,6.34596307,48.55598962,radish
49,44,52,11.2773327,60.39924393,6.6394096,51.89289539,radish
43,41,55,14.39090152,61.91112296,6.44854542,47.16232868,radish
59,38,48,18.66192861,55.56363044,6.93776258,57.16133693,radish
53,34,48,14.39714019,57.49178041,6.00195919,53.96325734,radish
51,44,42,15.71920424,62.7643987,5.58828327,48.61681165,radish
53,33,40,20.00164539,53.25614099,6.88519867,58.98001484,radish
52,39,55,17.01850023,62.30054179,6.76893935,45.1903487,radish
46,36,48,24.3122669,50.94714548,6.10601806,56.35267908,radish
59,49,40,19.15091651,67.17943973,6.73205744,46.42929401,radish
43,46,58,14.7356071,62.17863831,6.57629797,47.2145997,radish
46,37,41,24.50596506,58.44329971,5.82905995,42.60999074,radish
54,42,50,20.44355391,51.13871627,5.68570518,42.16885815,radish
46,48,51,13.68522338,51.92543439,5.75571091,42.24786564,radish
46,38,50,18.72651614,52.81305026,6.85318381,48.48098441,radish
41,40,60,15.18830033,50.64409178,5.674138,58.83657907,radish
59,30,45,10.82973638,52.61596221,6.84355994,42.75721766,radish
57,32,59,23.12718341,60.52074095,5.91688808,49.48703461,radish
51,45,53,22.96425308,54.74567009,6.54270953,53.90918552,radish
45,40,42,21.36603889,59.27819172,6.55625177,49.98601613,radish
44,46,55,13.54514769,50.65209755,6.40391565,51.09619167,radish
46,31,56,15.78450495,67.05134263,6.93533736,50.33674161,radish
55,40,55,13.96817802,63.44491287,6.9855978,57.74369168,radish
56,48,40,13.827399,55.56074627,6.26250473,43.09499713,radish
54,38,59,17.58668203,69.36946994,5.91291503,57.77022916,radish
51,43,50,15.99922944,63.35324117,6.97712294,53.14074992,radish
50,43,43,17.04147815,69.92481383,6.45340123,42.76134132,radish
48,38,59,23.95845797,59.3096219,5.87108534,51.46462883,radish
60,37,55,24.03000602,56.37587552,6.13298073,48.96828487,radish
59,34,55,18.38626531,50.82713665,6.60173384,55.37513363,radish
30,58,48,21.71980576,56.53259536,6.30739989,43.18065002,peas
32,51,41,24.61329453,62.90512049,6.35455789,40.1112976,peas
29,58,41,21.91295231,68.18325468,6.37330438,52.1180756,peas
22,57,43,15.17345363,53.18846349,7.43615392,50.91047129,peas
34,57,38,15.84376172,52.83215365,6.95292728,50.47878743,peas
26,43,41,23.46139838,68.45251238,6.05889152,41.05174522,peas
24,48,34,18.62731102,56.14535124,6.59460595,56.16411899,peas
23,57,35,24.44111715,52.96130403,6.37426721,57.73485893,peas
32,52,43,15.5756977,57.52121403,6.09304947,49.82949036,peas
33,54,32,24.28894207,64.22768897,6.70062646,53.84806976,peas
33,56,38,24.54656751,63.36530503,6.12590044,40.30652223,peas
31,55,41,16.49723949,64.85477039,6.83384694,45.09024964,peas
30,51,46,15.13293774,59.42418735,7.42664007,52.23463319,peas
28,51,33,19.04845572,68.93546752,7.0697188,56.72851938,peas
22,44,33,21.58620564,66.83564986,6.27642959,54.91750783,peas
25,60,42,15.72416001,69.23198099,7.01888864,42.64831895,peas
35,56,37,20.83575134,57.71768483,7.31306507,48.06100583,peas
21,44,39,23.84423808,55.96640077,6.60283234,40.12820999,peas
30,46,43,21.42446429,54.09155178,6.12303427,59.34544764,peas
22,47,37,16.64360542,58.42005995,6.66548273,58.33850131,peas
37,44,38,20.80723383,54.81818126,7.30207874,40.14539453,peas
40,53,33,17.80032253,56.22834721,7.10293359,40.31862966,peas
27,54,49,22.42532604,59.48751747,6.47409843,56.61995408,peas
25,56,36,20.87927581,66.134739,6.38981958,50.95939875,peas
32,52,50,24.46438863,69.51858745,6.27646979,46.7393005,peas
37,60,39,19.35505854,55.62352264,6.64060973,42.00458813,peas
40,47,38,21.70040677,67.17524546,6.00414177,49.60641773,peas
30,52,35,21.89124596,64.08164079,6.1702164,51.29196459,peas
30,42,37,24.50142945,68.50116324,6.28538099,52.76981472,peas
21,56,32,19.45543127,66.35567843,6.3337845,58.43239268,peas
24,59,38,17.55375727,62.6438416,6.07453321,49.76357894,peas
22,51,31,19.57431665,52.97823966,7.11572258,49.55661746,peas
28,46,44,21.86563057,64.50498029,7.18732593,47.15979614,peas
24,46,50,19.03273921,62.92865573,7.34029487,58.15791765,peas
23,42,31,24.81775999,53.58622021,6.8746634,58.47980339,peas
30,49,49,18.90405999,53.57266337,6.12434531,54.13700711,peas
24,53,34,21.91102526,60.5585362,7.14495366,47.68610751,peas
29,58,50,15.66759946,68.02015789,6.86626739,52.57856567,peas
24,58,43,17.19119726,59.7997902,7.40756012,54.82097472,peas
32,44,41,18.66563424,52.61616933,7.0671828,58.60676163,peas
32,49,46,16.51673747,67.43378211,7.35227843,57.23160719,peas
34,43,49,15.28835753,50.74885365,7.35866617,49.8974146,peas
25,46,33,18.56686737,62.341511,7.31955334,53.17770917,peas
39,50,43,15.65044549,63.24014917,7.17345436,43.17768881,peas
21,59,33,20.51887185,66.03620859,6.25961788,57.74410011,peas
21,46,33,18.29707527,67.04457673,7.01662948,59.41707744,peas
21,55,38,19.61181359,64.59422503,6.46144715,58.79741673,peas
33,45,45,18.20387563,58.98368808,6.0257512,40.54545269,peas
26,51,46,23.88962345,69.82078984,7.02360762,40.71348036,peas
23,51,40,16.74580947,57.94511033,6.54717405,47.08257528,peas
33,47,50,20.56076661,68.44363594,7.29570182,41.01460514,peas
25,48,35,17.09675919,61.23187302,7.34039379,51.64362906,peas
25,57,34,23.72549789,54.66366239,7.24494735,58.43272452,peas
27,59,46,24.93705008,65.66461321,6.14729569,51.15938276,peas
26,49,44,20.22628698,64.76380952,7.32249245,52.07913585,peas
24,41,36,18.13465248,56.60082413,6.73688533,43.79763388,peas
24,48,34,24.56475934,55.77636135,7.22996582,56.02050384,peas
23,48,49,20.68728571,63.96301463,7.39012721,59.25417105,peas
37,46,31,19.05573265,66.4894837,6.88925191,54.77547878,peas
20,44,48,20.35234845,59.00881306,7.00917369,47.26691844,peas
24,49,35,18.23093223,69.61382132,6.77479437,48.42929144,peas
35,49,35,20.09086585,50.40453845,6.42983379,53.39176632,peas
30,57,46,20.47352267,65.09666806,6.32383605,42.16127856,peas
37,57,42,16.32310079,63.15383211,6.01632849,42.72064574,peas
27,49,39,23.35323906,53.34432022,6.51987463,54.14540953,peas
31,59,43,17.50439409,64.40260724,7.32763429,50.53065505,peas
24,50,47,22.37333818,52.13339448,6.59402968,40.04104732,peas
31,47,34,22.47892122,53.4052983,6.47075089,41.18386616,peas
32,59,40,24.35631322,59.91334655,7.07673242,49.06456885,peas
22,46,37,16.5629616,59.2525673,6.23674455,57.70201859,peas
24,53,36,21.23690175,65.65840251,6.37081261,45.04342965,peas
38,54,37,16.00167866,65.65846094,6.97970303,44.33053099,peas
39,41,34,21.63814966,68.25774295,6.16122407,45.10282684,peas
34,45,43,24.2904108,61.73214162,6.84961741,45.18476789,peas
34,54,38,22.53718619,50.73787851,7.37923464,54.04703693,peas
25,51,41,18.77526637,66.30094278,6.8943145,52.99942954,peas
38,41,40,18.21578759,63.89095215,6.12776666,49.87220252,peas
37,57,34,17.13745217,63.33247582,6.31170428,59.25770143,peas
40,49,43,16.79599036,55.03502314,6.4385058,42.77333775,peas
39,41,46,15.84656699,54.40077285,6.49693152,59.08836507,peas
22,55,46,24.49535192,69.39328377,6.64210732,41.16654541,peas
40,50,39,17.22472642,61.88245252,7.1447971,43.97530654,peas
28,57,34,23.43711763,57.4581164,6.74404495,44.03913038,peas
26,52,35,22.36471782,50.78658949,6.57541212,49.8797538,peas
31,44,50,17.23285909,51.25639947,7.4342274,42.30604642,peas
28,45,42,20.2159299,63.19513964,6.60518741,58.63844664,peas
25,58,37,21.55701049,66.40000147,7.05518259,59.55747038,peas
38,45,49,23.84190226,54.04971181,6.11305239,43.13478955,peas
30,45,39,24.53949539,64.33434536,6.57874294,51.26182383,peas
24,57,49,16.82688717,56.36198653,6.5907249,56.30951141,peas
21,55,37,16.13974275,52.90898415,6.15410348,44.19907103,peas
27,47,37,19.04135752,55.7400619,6.74010932,48.16686004,peas
33,55,41,24.076216,53.45333163,7.02155961,48.99163709,peas
34,48,32,23.57425171,55.29160149,6.21495592,41.61323222,peas
36,49,43,17.47687088,58.06058393,7.1410601,50.61675342,peas
24,53,44,20.77941481,58.90526608,6.63066844,58.86381845,peas
25,59,38,22.71968643,59.87502068,7.30679465,50.19661698,peas
24,56,30,24.74362277,66.62520451,6.63860522,48.68343315,peas
28,58,33,15.24147008,65.00788422,7.23352344,47.86591163,peas
33,58,45,20.03287392,51.61124549,6.85547108,51.72990815,peas
75,37,52,13.99087268,60.27713532,7.32490889,56.27889918,spinach
89,36,46,17.93927291,67.15129816,6.34908176,53.4197564,spinach
78,39,46,16.7399842,63.70699602,6.17601418,49.48513604,spinach
75,35,58,14.17353358,68.81498096,7.14425037,58.58922808,spinach
72,34,48,15.30019978,79.88959092,6.32445597,55.1201082,spinach
66,45,46,16.55436535,76.03051936,6.44438162,48.42179281,spinach
87,30,45,18.70134784,70.87465785,6.19184919,56.66281818,spinach
74,37,50,12.31531274,61.81857664,7.07377206,46.89019196,spinach
92,43,49,18.5761381,73.65756537,6.36448257,58.19562785,spinach
65,46,55,13.1243744,74.50795482,6.18165992,42.54493361,spinach
64,43,55,19.24681656,61.16921032,7.07412213,59.87621613,spinach
82,42,58,10.45540746,74.49194988,6.18552745,51.42140199,spinach
94,40,44,19.5380577,62.66984209,6.41999291,49.46300772,spinach
67,42,52,14.2099421,62.18784789,6.60071505,50.81267104,spinach
89,37,48,18.07810066,72.55091444,6.30225856,54.74006936,spinach
78,40,45,16.32116687,74.65137751,6.050523,46.4287612,spinach
82,39,43,16.76571844,63.28663977,6.22006303,51.0117257,spinach
92,30,49,15.23225182,79.91264593,6.19377232,59.56067836,spinach
75,46,49,18.70712802,75.4698835,6.29730216,49.66292753,spinach
75,31,52,11.82229963,69.28122228,6.8943999,47.97270187,spinach
63,46,50,16.22710566,72.83309161,6.55196507,48.01693347,spinach
79,31,43,17.32816995,75.07620651,6.22099746,55.90267702,spinach
82,33,55,10.90034909,60.39277472,7.18117795,41.08833255,spinach
84,38,52,15.58321529,79.60065344,6.50175335,53.11141737,spinach
73,37,59,12.92312852,68.31687886,7.14998887,54.46421883,spinach
76,50,56,17.74790639,73.39605006,6.24741094,59.98719333,spinach
95,33,58,11.88429949,71.54965939,6.96261836,54.28949715,spinach
83,49,58,11.86888963,77.45999359,7.22643759,42.62489125,spinach
76,31,46,17.82940457,75.72010356,6.26512477,55.09974753,spinach
75,42,46,17.28393491,67.05912756,6.32572618,40.78985788,spinach
69,31,46,11.21363741,73.39650868,6.88717982,50.92831068,spinach
63,43,58,15.76636774,63.97739244,6.38335452,41.12862466,spinach
83,43,54,18.95548458,67.9859953,7.45438036,50.89229127,spinach
88,35,41,11.13397402,67.1335584,7.22378086,44.17248904,spinach
70,30,43,13.27939331,78.16079519,6.3843804,53.56993918,spinach
65,33,49,16.78971168,65.31855957,6.15987181,53.77866968,spinach
79,42,42,10.26097477,77.09707207,6.99054077,50.1590942,spinach
82,42,57,12.7904833,73.74874174,6.44036984,54.83355844,spinach
79,41,59,19.63267516,62.86989269,6.60598678,45.15086891,spinach
88,35,59,11.408423,60.65900555,6.26291049,51.26407792,spinach
96,43,59,17.19747293,67.27360514,7.38106514,46.28214813,spinach
64,48,42,11.24202837,69.73020192,6.09250446,59.6334327,spinach
84,43,56,11.0785084,77.51900713,7.41095156,55.47445736,spinach
89,45,46,10.80091427,66.17607144,7.30749867,40.20830052,spinach
90,49,55,15.6063077,64.40386544,6.54288392,55.10613119,spinach
67,41,55,17.16179846,63.09472398,6.20237691,56.33964498,spinach
64,32,44,15.79190216,62.03733832,6.59356962,41.49753433,spinach
67,49,59,12.02064899,66.65036349,7.38835189,59.91692132,spinach
92,49,52,15.50029385,63.06026759,6.67210796,43.38229536,spinach
77,37,46,19.99518027,68.54237524,6.12848935,46.57640976,spinach
92,40,46,14.33841986,77.34162327,6.1198979,44.91350881,spinach
72,41,57,14.11594294,67.99550976,6.79849837,53.57873265,spinach
90,39,44,11.84753952,62.10925125,6.31296408,53.19854624,spinach
93,30,57,17.27869081,71.4932822,7.13848649,42.38556459,spinach
85,31,59,12.69176212,78.47788161,6.28510927,45.8052673,spinach
71,48,59,18.89019961,61.65698774,6.91508825,52.64603176,spinach
91,34,45,10.12612944,70.72589329,6.29685808,53.3227946,spinach
71,38,41,11.62363082,77.04172127,6.01347297,58.77508293,spinach
100,44,46,17.16011323,75.57248647,6.8262999,40.40770366,spinach
72,46,49,15.45533203,75.73847819,6.75878687,42.70925621,spinach
76,33,48,15.40550683,79.4944479,7.46194241,47.06451739,spinach
93,38,46,14.94048515,77.67887548,6.25078649,52.6956735,spinach
75,34,54,17.43134396,77.70010929,7.15708004,55.09574867,spinach
73,34,55,10.41544987,65.37596689,7.45864297,57.66712753,spinach
72,31,41,10.42459259,69.06972986,7.45675216,48.72355434,spinach
77,44,49,15.64928092,68.39935196,6.71833983,52.71819759,spinach
100,45,55,14.40896328,61.79064714,6.67635103,58.26941788,spinach
95,49,56,17.76625987,62.35882298,6.46357326,43.82469268,spinach
61,36,49,10.40927906,79.70143443,6.95204657,46.13420264,spinach
98,43,58,19.90707243,70.60160302,6.73445392,40.95288507,spinach
82,30,57,18.96718886,63.81365309,6.4977741,51.63023458,spinach
76,48,58,13.43137185,64.00367145,6.87004637,54.70331933,spinach
100,40,60,16.55560715,78.02125626,6.41051943,49.01876885,spinach
86,45,41,18.80097652,74.70919205,6.43923642,40.23103703,spinach
86,45,44,13.83148181,74.05694702,7.43208918,52.28821481,spinach
67,31,58,18.99035229,79.72602831,6.31851342,49.49375558,spinach
80,32,56,15.18306299,70.48929885,7.04853052,43.92381913,spinach
77,44,49,16.54798685,78.53160892,7.48460407,54.40107741,spinach
92,34,41,14.48726809,63.1992086,6.72106095,55.31254433,spinach
72,47,44,16.72417438,66.27449943,6.2891589,54.02211624,spinach
64,42,45,14.35161924,75.03867763,6.13593073,57.82652903,spinach
93,41,42,17.67548003,61.72992898,6.20589744,48.75035112,spinach
70,50,41,14.90356039,73.67193642,7.2346682,43.19019159,spinach
95,38,58,12.74208756,62.114622,7.23410432,42.27068145,spinach
81,43,51,11.74346692,64.86501362,6.49284183,40.93749376,spinach
95,42,45,17.19140301,64.37227655,6.97626617,42.93543984,spinach
95,45,44,17.80399717,74.71626351,7.17387319,45.50389337,spinach
81,48,54,11.13991652,61.63129264,6.89560239,55.12817217,spinach
91,39,53,14.86773566,69.19905814,7.22028455,59.95503272,spinach
68,40,40,19.85449373,75.82365324,7.12086252,54.02797645,spinach
94,31,56,19.3889871,76.88022598,7.48909143,46.03786569,spinach
81,39,42,18.99836725,64.49806159,6.40650534,50.6057262,spinach
81,44,56,10.46448995,74.13594592,6.29153333,40.36512019,spinach
96,49,45,17.41319945,64.46455177,6.08009461,41.58340246,spinach
72,34,40,11.84820516,72.91792288,7.42853602,59.92168345,spinach
84,37,47,11.71611685,64.09971062,6.2913355,40.20818479,spinach
96,48,56,18.3309268,73.55307974,6.95021382,59.20172209,spinach
94,30,57,19.22565484,68.84795965,6.3053875,40.54575745,spinach
93,43,54,16.16300889,65.6125461,6.23655277,45.34989398,spinach
98,33,43,12.21969156,75.72146612,6.71834324,46.1499357,spinach
94,40,79,23.26222557,64.0873386,6.10791259,78.40419231,cabbage
98,45,78,18.65602249,61.02673225,6.83342419,72.29077425,cabbage
92,42,80,18.34098899,75.00197987,6.12526068,60.12609903,cabbage
101,49,74,18.16817587,62.476595,7.42897756,51.22178161,cabbage
81,42,79,17.55574904,63.11265126,7.21313912,67.84009972,cabbage
94,49,74,23.06168331,62.60599694,7.04820145,73.19094898,cabbage
95,42,69,20.67204711,75.38043054,6.18717997,65.36934499,cabbage
119,43,62,19.28120773,77.65745779,6.70839983,52.18981456,cabbage
90,43,64,18.41238065,73.03127256,6.67160949,77.76925762,cabbage
95,58,76,17.15969929,76.21639065,6.98825192,73.42586861,cabbage
102,49,70,19.26634595,67.17241836,6.56925798,57.68629008,cabbage
90,57,66,24.69540881,74.14035324,6.49938138,54.19218096,cabbage
107,56,60,24.42580252,67.64813201,6.22956095,73.48681172,cabbage
97,43,63,17.26678871,72.76250767,6.64342957,66.30133011,cabbage
117,50,60,22.26886961,70.09598552,6.69624716,64.39261753,cabbage
84,55,63,22.82277622,74.95151363,7.13428701,77.40501138,cabbage
117,46,79,23.46990161,76.78579302,6.8691247,67.77897894,cabbage
88,46,76,24.81203971,77.12791896,6.8406604,50.69983239,cabbage
101,50,62,21.73014428,76.9424806,6.12587632,66.96283828,cabbage
88,50,77,17.40854454,76.04942598,6.91030087,50.01345874,cabbage
95,52,70,21.43639533,65.13959981,6.58785805,56.33566049,cabbage
101,42,60,21.8534013,69.15582864,6.85591111,56.41918922,cabbage
111,51,79,22.68018085,60.59580845,6.61023396,68.27217324,cabbage
84,57,70,21.72565824,63.25932022,7.40068682,70.89981719,cabbage
95,53,72,19.51665319,65.69068354,6.92284953,73.02143956,cabbage
120,42,77,22.71616222,61.22141857,7.08386322,67.06889207,cabbage
81,42,62,15.71181666,78.32198833,6.25733057,65.70765357,cabbage
87,47,68,21.37860011,70.9180695,7.48119572,69.93459176,cabbage
90,49,65,17.80124913,74.61158458,6.16058187,53.35696961,cabbage
109,57,70,18.26087354,60.19362731,6.61120377,55.17453649,cabbage
91,50,79,22.17196924,76.29308828,6.94071253,71.3913737,cabbage
114,56,68,19.56848604,70.40371561,6.01493328,51.99070546,cabbage
104,45,79,19.92186284,67.77700169,6.82095079,61.72169523,cabbage
106,55,76,18.592116,60.18308531,7.1664195,77.46251649,cabbage
109,53,66,24.19665468,72.95479324,6.1655857,73.00018009,cabbage
94,44,71,21.85123811,78.49569034,7.46144016,50.00784666,cabbage
108,43,78,24.35238856,65.00930372,6.78032437,72.12917379,cabbage
115,45,67,15.45813492,71.07642858,7.44272204,71.27169063,cabbage
92,56,72,18.98538014,72.29795784,7.15725629,60.68899637,cabbage
105,49,74,20.93659916,73.69734892,6.81515062,72.74580085,cabbage
100,46,76,22.94817962,69.34662445,6.25500541,59.24334314,cabbage
111,43,75,23.45397381,76.9520134,6.82073907,53.46940262,cabbage
88,44,67,19.02462007,60.50575541,6.77522008,66.55582807,cabbage
83,48,63,22.83255284,65.44531501,6.89470197,79.64444685,cabbage
112,54,71,19.79443581,67.11476964,6.26237244,65.5675767,cabbage
117,46,69,19.0698854,69.14822683,7.17920956,76.90414912,cabbage
118,51,67,24.47758575,76.08983379,6.67714553,60.95522125,cabbage
112,49,75,19.18274137,78.41611684,7.30685205,54.11139044,cabbage
90,51,63,23.6304754,65.24660041,6.02234917,74.7921857,cabbage
119,58,66,19.51941231,76.26953576,6.18183727,78.43744603,cabbage
118,55,78,17.07057051,61.23146023,6.53559626,69.64808207,cabbage
120,59,74,22.10456843,70.86953296,6.99039988,68.28297285,cabbage
114,52,70,21.14887057,79.64400081,7.46138399,52.09059981,cabbage
106,47,71,15.91707322,64.86874018,6.64327889,76.27520097,cabbage
87,56,61,15.91645937,64.47083266,6.85539539,53.80309177,cabbage
102,49,77,19.37429412,64.69243419,7.09663652,50.84849894,cabbage
110,51,60,20.35842779,73.43006643,7.16651307,71.92010585,cabbage
117,57,67,20.79828868,67.60332978,7.28593686,78.97681702,cabbage
108,53,72,16.155069,68.49963165,6.30323039,59.7307183,cabbage
99,43,74,17.52432084,73.61671272,7.44205196,58.05303972,cabbage
85,60,64,17.47938984,69.96648894,6.71142505,79.07098292,cabbage
97,53,65,17.60031185,74.52371055,6.59696221,61.31886746,cabbage
92,55,73,19.00738598,76.06122266,7.03439929,67.4534735,cabbage
119,48,64,21.53583519,71.6657472,6.68388074,79.06620539,cabbage
102,42,61,20.07954307,66.22725428,7.39872518,62.61061951,cabbage
114,57,74,19.62081322,77.78440756,6.38439932,55.56586463,cabbage
104,49,75,19.19138414,69.80704266,6.36050269,77.42474555,cabbage
90,48,69,18.55827603,69.90178852,7.02561156,56.56983106,cabbage
86,59,64,16.32134185,60.6846192,7.00834027,67.83767428,cabbage
97,58,63,17.65467349,76.70314243,6.91637779,69.89212349,cabbage
94,50,75,23.76312359,68.79309221,6.38672051,67.3819756,cabbage
91,54,73,23.94027824,78.40861484,6.96053153,64.83672934,cabbage
96,50,63,18.60916022,76.18744065,7.42193402,54.09825488,cabbage
104,46,64,24.12028973,75.00421786,6.16760574,59.34107032,cabbage
95,41,67,18.75051525,73.79807833,6.01617744,55.38866385,cabbage
95,55,66,19.84644168,64.3605805,6.95732705,63.8496967,cabbage
92,55,73,20.69424983,74.81039452,6.58142928,55.05028829,cabbage
86,54,66,19.44619008,67.92448585,6.91289369,62.21882316,cabbage
116,56,80,19.78033698,73.52561274,6.15424254,79.36244001,cabbage
112,52,73,18.39474372,65.27644561,6.82257657,79.5892365,cabbage
96,50,64,21.56321777,78.15525875,6.1860422,64.17629919,cabbage
117,55,65,15.28900564,68.29484062,7.11429581,55.87984883,cabbage
111,46,77,17.21258836,67.29809451,6.30693596,61.4121021,cabbage
92,47,73,18.86507579,68.36004171,6.4978996,57.26183775,cabbage
81,49,80,21.47853515,67.75384004,6.49199878,67.4818539,cabbage
98,58,71,16.55255588,64.66549532,6.02919083,72.32697715,cabbage
110,56,76,23.79022111,63.74919893,6.43017564,53.14601833,cabbage
102,41,66,21.14960177,71.80495086,7.2229639,74.35799313,cabbage
112,42,69,19.95086323,71.92385576,6.85086384,56.70377084,cabbage
115,43,70,22.29961745,71.76700908,7.00344256,59.74572218,cabbage
85,48,64,19.77902552,67.45521087,6.82533246,67.46911744,cabbage
99,47,75,17.59930571,69.49472074,6.07751177,65.54107644,cabbage
106,57,61,17.6349754,66.45253679,6.12583959,52.06379296,cabbage
109,55,61,20.76738503,74.65063625,7.11585359,66.11386972,cabbage
91,45,77,19.74621999,77.9271752,7.37411829,61.07683479,cabbage
115,42,65,16.57025394,67.01847837,6.71836997,66.08530282,cabbage
90,59,80,18.83980204,65.38814986,7.13276623,70.74138358,cabbage
92,49,75,19.97178767,77.17876052,7.07973238,73.7046039,cabbage
81,56,70,21.30609757,64.68038535,7.16568041,71.69900393,cabbage
98,43,72,23.01246939,74.99066575,6.63117244,71.50182624,cabbage
98,59,75,20.85632665,64.76908943,6.73690221,77.6968396,cauliflower
117,57,64,19.42386224,75.25474192,6.02483613,56.57580375,cauliflower
89,45,73,24.42705406,65.86431522,7.3215924,72.20852646,cauliflower
93,49,76,24.79512615,64.22165156,6.05458828,79.00985998,cauliflower
111,50,71,17.09783941,77.86925161,6.22105282,64.41846392,cauliflower
101,47,74,18.03630074,72.21369835,6.45928781,72.36696395,cauliflower
112,47,79,18.05428734,63.36856979,6.1523315,63.37071271,cauliflower
93,54,79,24.23551761,72.11807633,7.08660235,67.03367484,cauliflower
93,47,74,22.49003326,69.9474369,6.15918103,61.70410882,cauliflower
85,51,64,17.15355223,76.75657224,6.683533,63.38347846,cauliflower
86,45,69,24.40658543,79.36290852,6.00762356,66.71956946,cauliflower
96,58,68,17.37069451,63.98219679,6.64013303,69.36733357,cauliflower
110,50,63,18.04814444,75.68422238,6.7745297,78.1762364,cauliflower
113,44,62,17.27358354,70.38107078,7.06885601,62.75738133,cauliflower
84,50,65,24.41681946,63.90360826,7.21250922,72.96680178,cauliflower
80,48,63,24.94253725,66.12044952,6.17096001,62.84073321,cauliflower
111,53,79,18.46407419,66.09540679,6.17613423,71.78946822,cauliflower
95,42,71,21.80310626,69.25334999,6.10886725,70.49372836,cauliflower
114,45,74,23.25005812,70.54413051,6.33040889,50.60842419,cauliflower
117,41,73,16.47920322,76.79182857,6.51220816,51.77143654,cauliflower
91,48,73,17.63600535,64.86493787,6.02046248,65.23443847,cauliflower
106,51,75,18.2351041,79.54687454,7.14062752,59.17440819,cauliflower
96,41,70,19.85228596,66.61081712,6.90682602,64.70466626,cauliflower
83,56,74,18.89196635,61.43148153,6.84200013,79.49825311,cauliflower
108,56,64,21.79448645,70.5026224,7.14284275,72.36561054,cauliflower
101,54,78,22.77165366,60.37590781,6.19481222,61.01486851,cauliflower
100,51,64,19.62013464,79.79878104,7.48510649,70.56798584,cauliflower
112,46,75,20.59467013,78.35854732,6.96660872,59.16445732,cauliflower
83,46,74,16.57008028,78.44336608,7.25389875,50.91720906,cauliflower
89,48,60,20.16814104,73.68548907,6.2940016,61.80076113,cauliflower
81,49,64,18.76834541,79.36618722,6.45919934,62.34771305,cauliflower
100,41,67,16.68088783,72.92264333,6.22506571,53.33369478,cauliflower
86,60,77,19.16221768,66.58955317,6.04992829,57.93910309,cauliflower
91,56,61,15.95742563,67.97777044,6.45103583,54.95353938,cauliflower
116,45,67,22.99750905,61.04164743,6.21483652,53.04702593,cauliflower
90,50,77,24.677877,76.43723718,6.57544582,79.58641516,cauliflower
97,60,73,20.65181825,65.68117498,6.59812792,57.00177818,cauliflower
106,47,72,18.0400938,67.22245107,7.19361267,79.50993689,cauliflower
119,57,75,17.77065418,67.45817336,7.0032459,74.95893166,cauliflower
104,43,74,19.19175981,61.05133972,6.51737724,55.98830127,cauliflower
86,40,67,20.20591717,65.58743976,6.54293685,50.40167723,cauliflower
95,59,71,22.73567158,60.42377781,6.88960117,76.8210368,cauliflower
91,50,77,18.6957025,67.53563144,6.89725196,77.16826005,cauliflower
114,46,64,18.80146035,72.97471272,6.33029455,60.73486843,cauliflower
114,52,68,17.88876259,75.89775778,7.29523004,61.11871582,cauliflower
84,40,79,21.3166503,69.76670069,6.2882561,68.0328697,cauliflower
102,46,69,23.47949255,65.20028333,6.78814336,69.43753022,cauliflower
115,58,72,15.68560766,65.02511694,7.01771074,71.78700207,cauliflower
81,45,75,17.94741477,64.78389911,6.51253905,63.20636072,cauliflower
100,45,65,17.30274348,79.38680772,7.13602251,66.05130565,cauliflower
84,55,74,18.29601331,69.74782615,6.25711817,61.71783163,cauliflower
86,49,64,15.38135443,62.82838134,7.00858989,69.47587793,cauliflower
109,45,63,16.18772566,61.83508197,6.10401125,65.05779455,cauliflower
83,41,71,23.74908968,75.71832323,7.33215307,78.08487692,cauliflower
98,44,68,22.16622463,63.91264415,6.71109098,57.97196529,cauliflower
114,44,78,22.40848121,66.01219202,6.85122145,67.88624026,cauliflower
110,51,65,15.2725395,78.88581225,6.08473384,69.13493763,cauliflower
103,46,66,20.72971889,65.44335014,6.59653557,69.66987799,cauliflower
108,41,71,17.60845275,72.65773639,7.42330028,64.2755251,cauliflower
108,42,65,23.42367355,65.49209789,6.60290765,60.18571184,cauliflower
100,44,62,17.77647899,76.48586639,6.25644578,79.1340971,cauliflower
112,50,70,18.07703291,78.1712338,6.23786912,77.46797382,cauliflower
113,46,61,19.85452075,75.23865394,6.25611655,59.44691081,cauliflower
107,42,73,16.91738905,64.4382182,6.59622724,54.38483764,cauliflower
83,52,75,23.82649985,79.94335857,6.76179039,70.36434226,cauliflower
100,54,75,18.08151038,69.76404562,6.50794126,62.57589908,cauliflower
110,58,74,16.3046735,61.43168094,6.80030729,76.82517466,cauliflower
105,60,78,22.9504774,67.0373188,6.79927506,52.39304819,cauliflower
102,48,65,15.8001879,66.98093282,7.39128267,77.17275975,cauliflower
112,46,73,22.50649837,66.44972379,6.42931399,74.00958243,cauliflower
117,54,62,24.78775067,67.97174822,7.17569613,79.32656288,cauliflower
87,46,77,21.17975124,63.56687411,7.36182785,54.15856803,cauliflower
101,51,61,20.77471978,69.63288758,6.27902462,69.88196369,cauliflower
101,47,63,24.73864022,65.21179108,6.12824655,56.0369458,cauliflower
85,45,79,22.8840893,74.59441315,6.78166472,65.92352648,cauliflower
95,56,69,24.42757171,74.42086733,7.34614396,75.36510177,cauliflower
99,46,80,23.33288132,75.35237532,6.3178586,76.41426949,cauliflower
109,41,62,24.06601787,72.46554472,6.2377627,51.95400234,cauliflower
113,55,74,20.10405489,76.5016508,6.86765309,63.32586961,cauliflower
118,58,71,18.38542368,60.2076122,7.41942799,61.00359325,cauliflower
84,41,74,16.76798179,68.09240577,7.26058595,59.67707711,cauliflower
94,49,61,18.54464784,69.81242699,6.24000533,56.92740714,cauliflower
81,48,69,23.59074927,78.24461043,6.55396439,78.68021106,cauliflower
114,52,75,18.12211166,79.88733637,7.42182689,50.41545651,cauliflower
112,45,65,15.81998159,69.932514,6.39775339,51.56021664,cauliflower
111,50,62,19.44221723,77.70755656,7.12969947,65.16869892,cauliflower
91,47,61,19.41060831,74.03794007,6.8389464,67.35738871,cauliflower
81,40,79,22.76319407,61.3685325,7.41975477,65.92489502,cauliflower
104,40,60,24.97459173,79.50687415,7.10993685,77.87279961,cauliflower
114,56,74,23.26538406,60.83560091,7.45068154,52.15009785,cauliflower
97,59,68,24.45908711,70.67119625,7.22816485,67.76536038,cauliflower
94,59,74,21.46468507,69.30695174,6.14878245,79.40818875,cauliflower
111,58,79,15.86750036,65.61772025,6.24352589,73.92249215,cauliflower
104,56,65,24.29810941,62.1620839,7.49073655,71.04470612,cauliflower
105,50,67,16.97621336,68.04061659,6.00897795,52.52090257,cauliflower
92,47,61,18.1157772,72.00150133,6.87764047,53.07641179,cauliflower
105,59,76,19.49878848,77.31548164,6.18976639,57.76843815,cauliflower
106,54,65,20.71706191,60.59058109,7.135198,65.5373225,cauliflower
97,54,66,22.78549103,77.53994567,7.15706972,51.57624182,cauliflower
99,50,69,15.55952549,61.63220744,6.73506392,78.35409139,cauliflower
87,50,72,20.56845595,59.9358688,7.3635657,57.49087163,garlic
82,50,73,15.72460913,67.73231821,6.73290406,46.15345434,garlic
88,57,63,21.00500871,66.7854247,6.13616204,41.01269436,garlic
89,58,78,20.39771502,60.62597724,6.6324047,56.30530167,garlic
62,52,60,15.31374879,53.91909321,6.9184618,56.27803205,garlic
98,56,65,15.46413734,69.30466347,7.36307914,47.6598656,garlic
68,54,62,18.05653325,60.48038452,6.7848863,40.40833956,garlic
67,55,70,23.59822583,68.05777962,6.33115572,41.48003293,garlic
70,44,63,22.79117919,52.5539917,7.14717349,58.47266926,garlic
99,49,79,21.54781011,61.20248265,6.10700981,51.87591319,garlic
89,51,70,21.2553505,56.07120887,6.04538994,59.02318889,garlic
68,51,69,19.37093681,50.2574301,6.89067756,53.80672257,garlic
82,45,80,17.19139693,56.53963228,7.17180896,44.14586217,garlic
71,49,69,17.62888821,56.76798697,6.59499254,57.59426533,garlic
73,59,61,22.91829245,63.9116442,6.17172153,48.97829978,garlic
99,50,73,16.532346,56.48437217,6.74944425,43.31513173,garlic
64,59,76,17.0216084,52.70287003,6.65244636,57.40081209,garlic
86,45,79,19.52565399,69.37146053,6.48379287,57.20478409,garlic
90,52,64,21.16107842,61.57429017,6.95874697,55.73061227,garlic
61,58,77,20.29548731,68.03200653,6.50732074,55.5393993,garlic
61,40,74,18.33895203,59.91160995,6.63316875,46.0285148,garlic
77,47,65,23.1832978,66.95527843,6.74772933,49.17065103,garlic
85,44,63,19.27735018,67.54802386,6.03706608,46.16033392,garlic
61,41,78,23.32328467,59.12074869,6.3904563,58.90125461,garlic
66,55,64,15.62924567,69.13126181,6.06769805,47.04277669,garlic
66,59,79,18.20838368,54.98041538,7.08910397,42.58945859,garlic
81,50,66,20.03871241,69.65433636,6.73826123,56.59467774,garlic
70,45,62,15.12306728,55.92356294,7.3516196,56.97649826,garlic
78,45,70,24.56705249,68.39569713,6.04676236,40.60732822,garlic
94,47,73,16.21043552,55.25105714,6.04583508,58.2499401,garlic
91,55,71,21.43415162,64.40894505,7.3893392,41.63624825,garlic
78,53,61,22.53041322,61.65450636,6.25003239,44.59977036,garlic
97,52,62,15.77229212,59.17478674,7.1198496,54.33186171,garlic
79,60,69,24.10445497,57.98989051,7.22346324,49.20525018,garlic
98,55,67,17.96223263,54.5319299,7.32604007,48.78292956,garlic
78,58,71,18.58376175,69.41982788,6.30554144,56.09239341,garlic
68,57,65,23.08246152,67.59814043,7.14620356,46.09766346,garlic
70,49,67,24.03831935,50.95024754,6.75518711,51.88975831,garlic
83,48,74,15.20598626,56.99426401,7.14822375,53.31941411,garlic
69,58,66,19.50673205,54.64368587,6.19909294,42.73678833,garlic
99,52,74,22.09247532,64.68769706,6.68875113,47.33764787,garlic
70,51,67,24.24731641,69.43396875,6.39417499,44.86077195,garlic
86,49,66,20.08053033,65.78942542,7.12059384,50.8205533,garlic
73,59,72,16.26455578,57.75330742,6.95618371,41.97310412,garlic
85,54,64,20.2004719,65.6927883,7.4907204,56.83321448,garlic
95,48,78,17.2288343,66.42912159,7.20063063,52.8733843,garlic
67,53,75,21.4067754,67.35854095,6.42524711,46.73466147,garlic
79,44,67,18.53219886,56.81591587,7.49193316,56.42656203,garlic
73,59,71,20.86401212,50.45048018,6.98690866,46.53444765,garlic
68,47,68,22.84011001,67.39738582,6.88301531,43.47980355,garlic
95,45,68,22.70682704,64.14327643,6.41702632,51.88664773,garlic
69,60,62,21.30943811,69.92009468,7.36618758,54.1175333,garlic
85,41,63,19.30755412,53.33795889,6.9323428,43.32907825,garlic
93,55,60,22.23816754,56.01025334,7.06908439,45.50683436,garlic
90,48,66,21.30467243,67.37069181,7.4974055,46.69988263,garlic
61,52,63,15.20702327,58.78847926,7.14318962,48.5104081,garlic
97,46,64,22.01592544,67.68171165,6.24566951,58.35713418,garlic
96,58,64,16.55242317,58.09077134,6.18830831,55.931064,garlic
69,58,68,15.1413101,67.30066952,6.26236706,41.64224599,garlic
69,44,61,20.93226283,55.0887161,6.42090343,47.02831118,garlic
65,58,67,22.26054196,63.70756688,6.17006154,40.29269622,garlic
68,44,67,15.71301039,69.98445445,6.54663217,47.13329548,garlic
74,54,74,20.72747777,66.51695476,6.95602403,56.46985921,garlic
95,43,75,22.43908303,65.59888307,6.73196519,45.5055928,garlic
96,51,66,24.607121,66.75685268,7.44202438,52.91185026,garlic
88,52,75,16.25333723,58.3721889,7.3432343,49.84906182,garlic
67,44,65,22.38584373,65.49923712,6.78266895,43.12957864,garlic
63,56,64,18.47499689,69.45884606,7.0165878,59.04726423,garlic
73,47,67,22.27230754,68.18102799,7.09162502,44.08502198,garlic
71,47,60,20.7199166,53.48912656,7.38530147,54.51892012,garlic
69,53,78,16.01865334,50.81993328,7.35122358,53.24151342,garlic
77,58,71,21.69772597,50.13364349,7.08290614,45.85519064,garlic
95,50,72,22.92134545,65.53061388,6.9458409,41.00355725,garlic
72,57,74,21.91417911,61.71382563,7.47657231,41.22311449,garlic
84,45,79,22.21598272,52.29437191,7.48265994,46.71877554,garlic
86,57,61,18.24120825,60.85194307,6.83029592,41.81906477,garlic
73,58,63,17.42920636,67.51143694,6.48246638,41.14018616,garlic
67,52,75,22.73669073,68.48655917,6.62924162,53.09771461,garlic
94,54,73,18.50220596,54.52808559,7.49930667,44.54735991,garlic
63,53,65,17.86188462,59.70793977,6.34347833,41.79972963,garlic
83,50,75,15.68125864,53.0416168,6.81977673,56.61388272,garlic
81,57,75,17.7500667,58.66028207,6.14998612,40.53846942,garlic
89,59,62,22.013226,53.4729064,6.74371646,51.10889879,garlic
93,52,75,20.16272166,64.55734729,6.26652218,51.64524557,garlic
87,57,67,21.51410959,51.39610987,6.73372003,46.12160715,garlic
64,53,71,20.98614298,57.34664747,7.37963358,51.69184715,garlic
95,47,67,17.82261766,69.08117985,7.19201329,57.56269393,garlic
86,52,65,23.5226918,58.46975794,6.47900854,51.02825091,garlic
67,59,63,19.3882223,58.4317212,6.04159143,46.29960116,garlic
74,54,79,21.50205015,64.60307346,6.77397727,48.04148279,garlic
76,59,77,20.01780477,60.19576988,7.41564166,58.24072266,garlic
67,47,60,21.83621642,68.41533248,7.28362112,52.88352628,garlic
73,50,61,23.32307545,58.1692855,6.36234042,41.60474123,garlic
95,45,74,24.75347451,56.66229489,7.19416941,59.9522266,garlic
73,55,78,17.57166313,56.62444104,6.24474714,58.43422792,garlic
85,41,72,17.4842759,52.78406987,6.1879916,47.63126465,garlic
95,41,75,24.65023904,53.96227837,6.09301665,51.56167908,garlic
69,40,72,16.41757332,55.60994614,7.01189479,54.78822073,garlic
85,56,63,20.71881936,67.97987779,6.95866582,43.76460662,garlic
74,55,62,24.98560351,57.81360508,7.49281801,42.7089303,garlic
35,46,23,17.4803851,62.97900612,6.59635913,45.6726564,fenugreek
29,33,26,24.61735914,58.85746666,6.8343342,59.78135349,fenugreek
36,38,21,16.46758592,64.48923013,7.18001556,58.37587978,fenugreek
29,49,35,22.36611357,56.36115391,7.11122298,59.85129612,fenugreek
25,38,20,24.14879626,62.03068601,6.28126918,59.22531694,fenugreek
33,47,20,19.89590481,50.88417403,6.05111423,40.05081895,fenugreek
26,34,39,20.74892917,55.93003079,6.70095343,53.62215178,fenugreek
31,44,38,17.92397509,62.6471782,6.86716076,58.24248995,fenugreek
30,34,39,15.39701078,67.46098799,6.66150403,43.48148946,fenugreek
25,50,33,23.99149625,60.08316464,6.79050151,59.85147709,fenugreek
37,40,30,16.6983078,59.8945884,6.73331633,54.3896788,fenugreek
21,35,33,24.85152851,58.30170689,7.11515775,41.67728366,fenugreek
25,44,36,24.84345379,52.58015643,6.98138425,49.17870271,fenugreek
37,37,22,17.05068767,62.03351908,6.85799508,43.00115628,fenugreek
30,49,39,24.14593541,69.58846543,6.40234035,52.96887659,fenugreek
25,43,32,19.05514163,65.85574196,6.95239521,42.54129239,fenugreek
38,46,32,23.93631302,69.32703625,6.22038803,45.66340829,fenugreek
22,50,39,21.81917267,66.98010329,6.65773309,59.16201439,fenugreek
30,50,20,16.11123428,53.85994238,6.41867377,59.69479689,fenugreek
28,31,27,21.3136124,62.88731184,6.48942113,40.78693626,fenugreek
39,33,27,15.92224888,65.93130947,6.23536204,45.09286794,fenugreek
33,45,26,21.02895788,63.36888904,6.09565654,41.93709764,fenugreek
33,46,23,17.27309688,57.67231341,6.83108136,49.27888774,fenugreek
32,34,21,18.14431409,56.90222197,7.49312227,53.06303264,fenugreek
22,50,40,23.9903854,57.64494536,7.08422367,43.81737687,fenugreek
37,47,34,22.06520539,59.99886869,6.48089694,57.29229436,fenugreek
27,43,21,20.31017321,57.72651654,6.6857839,55.67278593,fenugreek
28,49,32,23.11548437,69.49762496,6.05626456,49.65015541,fenugreek
37,33,21,20.83497971,65.11687845,6.42561366,44.39435648,fenugreek
22,49,38,16.59013179,60.81408328,6.91034625,56.08224121,fenugreek
35,30,21,19.15549921,51.03993518,6.0659311,43.15704866,fenugreek
34,42,27,22.99097542,64.80778254,6.59351744,49.36039849,fenugreek
28,40,37,21.68506269,63.23943876,6.23479596,44.06793763,fenugreek
27,40,32,21.25412856,53.36019544,6.12669372,52.62280612,fenugreek
25,31,29,18.46186893,54.81713548,7.37419323,51.12804019,fenugreek
21,43,28,24.77555893,64.72921646,6.02372472,59.40539897,fenugreek
30,35,33,21.62276066,56.98992807,6.11096511,54.58290802,fenugreek
20,38,28,19.13034127,54.29362824,6.08055949,58.0084583,fenugreek
39,42,22,20.8493651,68.6581788,6.9685537,50.64423028,fenugreek
34,39,39,16.59253562,61.65485691,6.70506867,45.35067477,fenugreek
32,34,24,19.66851404,56.09004758,6.33644468,46.07974583,fenugreek
23,48,28,17.10498182,63.79751177,6.26074088,43.31544079,fenugreek
35,48,37,19.70871481,63.32641131,7.40965643,48.4529548,fenugreek
34,36,28,16.02407597,57.32512981,6.90518615,53.4830914,fenugreek
28,50,30,24.73569812,55.07469231,7.43645119,42.8153743,fenugreek
29,38,26,22.84340727,53.83231567,6.70151273,53.80482664,fenugreek
39,44,24,18.18863727,56.27288148,7.11544128,58.92060783,fenugreek
28,44,37,18.15338756,62.93854277,7.44201887,59.11735452,fenugreek
38,40,26,17.93372932,64.16394162,6.40986778,58.78436328,fenugreek
31,42,33,16.21551411,52.0447461,6.92071431,47.83602688,fenugreek
39,43,35,17.74203941,52.16150016,7.00168955,46.19795764,fenugreek
22,50,37,17.02336798,69.19717575,6.58097624,51.13788389,fenugreek
34,34,35,21.75565616,63.93639002,7.0376159,46.9456705,fenugreek
32,38,33,19.38078373,69.97829711,6.90794386,55.14382277,fenugreek
33,31,31,20.59024459,51.69194,6.69955568,58.29624542,fenugreek
27,46,30,22.69664466,55.12511724,6.2884692,45.90806301,fenugreek
20,42,28,24.41091659,62.08243373,6.20172845,51.89354689,fenugreek
25,33,30,15.85828817,58.27985771,7.09339138,57.76464507,fenugreek
27,45,33,19.07508975,52.06251107,6.68730623,48.61732961,fenugreek
25,38,36,20.40362981,62.11416903,6.25363312,53.64711075,fenugreek
35,42,30,15.28232685,65.05825455,7.19773615,53.89326987,fenugreek
35,36,39,24.01300474,67.27259827,6.90488105,49.80835731,fenugreek
35,40,31,19.18250368,63.55904649,7.18602026,56.18367352,fenugreek
27,43,36,17.18938508,52.8026076,6.17611707,59.83846605,fenugreek
35,36,21,18.45518003,67.54692017,7.32560015,52.79580982,fenugreek
33,48,26,18.09129237,69.20895318,6.76661525,57.02425166,fenugreek
32,40,39,15.14372401,62.22091541,6.34966343,52.11711463,fenugreek
24,37,22,17.0155543,56.23616073,6.53125551,57.38065909,fenugreek
21,43,36,22.58206683,52.96161693,6.03344373,46.65066113,fenugreek
35,46,24,21.38073602,52.78973036,7.15315198,48.99024386,fenugreek
29,35,31,20.34311323,62.49018574,7.4761015,40.40483088,fenugreek
32,45,25,17.36829012,69.88667726,7.34971925,50.88832754,fenugreek
20,31,38,22.99205204,56.22822623,6.3052314,50.17741198,fenugreek
29,35,23,22.39520052,67.82781947,6.06214148,45.60562053,fenugreek
33,38,32,23.5741236,60.56431712,7.15382491,56.50356428,fenugreek
28,39,22,17.99250383,52.93633331,6.19607132,50.53420427,fenugreek
27,45,27,16.0031235,67.39572431,6.04562952,53.83767225,fenugreek
38,30,21,21.64889532,59.94469844,6.91415589,51.39831173,fenugreek
34,43,26,16.36322234,67.11355856,7.38901325,56.5548346,fenugreek
40,37,36,19.27342295,51.05167308,6.5999558,44.5465167,fenugreek
29,43,24,20.0451971,62.0633057,6.79786949,51.62209636,fenugreek
24,44,22,17.39847611,50.57336366,6.43310621,46.56157998,fenugreek
35,31,21,15.75158363,67.54958385,6.00522869,52.87995879,fenugreek
23,43,28,20.63454548,62.07272633,7.04160256,59.71329889,fenugreek
36,31,25,16.49287869,52.10268138,6.59077841,44.94072975,fenugreek
39,44,39,20.83448748,50.34386274,7.35153016,57.68005372,fenugreek
35,47,36,19.04779846,68.79518359,7.14791238,51.46871956,fenugreek
32,48,37,16.1479507,65.11152518,6.28330939,49.01097896,fenugreek
35,50,33,19.73352567,61.1945875,6.52212608,44.13248035,fenugreek
24,38,35,19.29095233,67.45916379,6.99089386,53.96467869,fenugreek
27,31,38,19.0618915,62.58570944,6.46738199,48.35219745,fenugreek
21,37,27,24.05184493,63.24575917,6.898864,47.07812408,fenugreek
25,42,26,20.25135548,65.79810647,6.8760638,55.60052775,fenugreek
37,45,35,24.62634986,52.78376362,6.59139002,53.03307743,fenugreek
30,37,34,23.71899628,53.141833,6.40469826,50.31559923,fenugreek
35,34,25,24.12055482,56.40466575,6.48182683,59.2367219,fenugreek
23,32,26,21.51316639,57.28450794,6.74989643,59.02071671,fenugreek
21,39,31,20.14970588,65.70309605,6.28546437,43.32420545,fenugreek
22,30,28,19.10660628,51.37936849,6.08569541,41.75801286,fenugreek
27,33,24,21.58689694,69.53541875,7.3226986,49.30703264,fenugreek
